titre,description,archive,typeform,catform,deflang,username,datecreat,datedeb,datefin,raisonsociale,cliadr,cliville,enqueteur,daterepon,uidrpnd,adresse,AnneeDeNaissance,wilaya,sexe,sitfam,sitprof,nivetude,niveau,profession,gpslat,gpslon,isparrain,isanonyme,emploie,csp,gpslatrepon,gpslonrepon,Present sur RS,RS utilise,Raisons Utilisation RS,Suivre Les Marques,Marque Doit etre sur RS,Top Of Mind Marque,Top Of Mind Marque DZ,Notoriete Assistee ,Connaissance Marque Condor,Origirne de Notorite,Suivre Condor sur RS,Presence Condor sur RS,Decouverte Produit Condor sur RS,Quel Produit decouvert sur RS,Participation Condor Pour la marque,Proposition Ecrites
[Etude Universitaire] - Impact de la communication Digitale sur la marque ,"Sous le thï¿½ï¿"" La communication Digitale et son impact sur la notoriï¿½ï¿½ï¿½ï¿½ï¿½ï¿½ï¿½"" , un(e) ï¿½ï¿½ï¿½ï¿½ï¿½ï¿½ï¿½ï¿½ï¿½ï¿½ï¿½ï¿½ï¿½ï¿½ï¿½ï¿½ï¿½ï¿½tudiant(e) de l'Ecole des Hautes Etudes Commerciale Kolea lance son sondage pour rï¿½ï¿½ï¿½ï¿½ï¿½ï¿½ï¿½ï¿½ï¿½ï¿½ï¿½ï¿½ï¿½ï¿½ï¿½ï¿½ï¿½ï¿½colter les avis de la communautï¿½ï¿½ï¿½ï¿½ï¿½ï¿½ï¿½ï¿½ï¿½ï¿½ï¿½ï¿½ï¿",False,O2A,QUESTIONNAIRE EN TENANT COMPTE DU CSP,French,cxgub,"6/3/2021, 2:40:31 PM","6/3/2021, 7:30:22 PM","6/10/2021, 9:58:59 PM",Anonymized,Anonymized,Anonymized,Anonymized,"6/3/2021, 7:40:54 PM",53868d6e-3ee6-4eb2-9c94-032158698256,Anonymized,1915,WILAYA DE M'SILA,F,MARIE,A_SON_COMPTE,LICENCE,2,,0.22,0.001,True,False,Agent de maitrise d'exploitation forestiï¿½ï,C2,34.882065,-1.3164257,",NONPresentSur RS",",,,,,,,",",,,,",",,,,",",","condor,lg,irys","condor,geant,irys","Samsung,Huawei,,Condor,LG,Brandt,,,,,","OUI je connais condor,","Affichage,TV,,,",",Non JeNesuisPas Condor ",",,,,",",",,,pas d'opinion
[Etude Universitaire] - Impact de la communication Digitale sur la marque ,"Sous le thï¿½ï¿"" La communication Digitale et son impact sur la notoriï¿½ï¿½ï¿½ï¿½ï¿½ï¿½ï¿½"" , un(e) ï¿½ï¿½ï¿½ï¿½ï¿½ï¿½ï¿½ï¿½ï¿½ï¿½ï¿½ï¿½ï¿½ï¿½ï¿½ï¿½ï¿½ï¿½tudiant(e) de l'Ecole des Hautes Etudes Commerciale Kolea lance son sondage pour rï¿½ï¿½ï¿½ï¿½ï¿½ï¿½ï¿½ï¿½ï¿½ï¿½ï¿½ï¿½ï¿½ï¿½ï¿½ï¿½ï¿½ï¿½colter les avis de la communautï¿½ï¿½ï¿½ï¿½ï¿½ï¿½ï¿½ï¿½ï¿½ï¿½ï¿½ï¿½ï¿",False,O2A,QUESTIONNAIRE EN TENANT COMPTE DU CSP,French,floaj,"6/3/2021, 2:40:31 PM","6/3/2021, 7:30:22 PM","6/10/2021, 9:58:59 PM",Anonymized,Anonymized,Anonymized,Anonymized,"6/7/2021, 11:31:50 PM",09e90d6f-0098-4d7e-a13c-cde6d772d41b,Anonymized,1978,WILAYA D'ALGER,H,MARIE,AU_FOYER,DOCTEUR,3,,36.679462,2.8988457,True,False,Chargï¿½ï¿½ï¿½ï¿½ï¿½ï¿½ï¿½ï¿½,C2,36.525032,2.8638926,"OUIPresentSur RS,",",UtilisePlus Instagram,,,UtilisePlus Youtube,,,","FaireConnaissance,Suivre Actualite ,Decouverte Cultures,Consultation Page marque,",",,,,Tres Souvent Suivi Marque ","Oui Important,","LG,whirlpool ,Bosch ","condor,geant ,starlight ","Samsung,Huawei,BEKO,Condor,LG,Brandt,Iris,,Starlight,Stream System,ENIEM","OUI je connais condor,","Affichage,TV,,Ami(e)s Famille Proche,",",Non JeNesuisPas Condor ",",,,,",",",,,
[Etude Universitaire] - Impact de la communication Digitale sur la marque ,"Sous le thï¿½ï¿"" La communication Digitale et son impact sur la notoriï¿½ï¿½ï¿½ï¿½ï¿½ï¿½ï¿½"" , un(e) ï¿½ï¿½ï¿½ï¿½ï¿½ï¿½ï¿½ï¿½ï¿½ï¿½ï¿½ï¿½ï¿½ï¿½ï¿½ï¿½ï¿½ï¿½tudiant(e) de l'Ecole des Hautes Etudes Commerciale Kolea lance son sondage pour rï¿½ï¿½ï¿½ï¿½ï¿½ï¿½ï¿½ï¿½ï¿½ï¿½ï¿½ï¿½ï¿½ï¿½ï¿½ï¿½ï¿½ï¿½colter les avis de la communautï¿½ï¿½ï¿½ï¿½ï¿½ï¿½ï¿½ï¿½ï¿½ï¿½ï¿½ï¿½ï¿",False,O2A,QUESTIONNAIRE EN TENANT COMPTE DU CSP,French,fhneg,"6/3/2021, 2:40:31 PM","6/3/2021, 7:30:22 PM","6/10/2021, 9:58:59 PM",Anonymized,Anonymized,Anonymized,Anonymized,"6/3/2021, 7:53:40 PM",c5ed70aa-8933-4499-bc95-7ea3567423a8,Anonymized,1989,WILAYA DE BORDJ BOU ARRERIDJ,H,CELIBATAIRE,A_SON_COMPTE,BAC,4,,36.6921,2.8697126,True,False,Biologiste mï¿½ï¿½ï,C1,36.737995,2.88737,"OUIPresentSur RS,","UtilisePlus Facebook,UtilisePlus Instagram,,,UtilisePlus Youtube,,,",",Suivre Actualite ,,Consultation Page marque,",",,Moyennement Suivi Marque ,,","Oui Important,","beko,LG,BOSH","condor,brandt,eniem","Samsung,Huawei,BEKO,Condor,LG,Brandt,Iris,Raylan,Starlight,Stream System,ENIEM","OUI je connais condor,",",TV,,,",",Non JeNesuisPas Condor ",",,,,",",",,,publicitï¿½
[Etude Universitaire] - Impact de la communication Digitale sur la marque ,"Sous le thï¿½ï¿"" La communication Digitale et son impact sur la notoriï¿½ï¿½ï¿½ï¿½ï¿½ï¿½ï¿½"" , un(e) ï¿½ï¿½ï¿½ï¿½ï¿½ï¿½ï¿½ï¿½ï¿½ï¿½ï¿½ï¿½ï¿½ï¿½ï¿½ï¿½ï¿½ï¿½tudiant(e) de l'Ecole des Hautes Etudes Commerciale Kolea lance son sondage pour rï¿½ï¿½ï¿½ï¿½ï¿½ï¿½ï¿½ï¿½ï¿½ï¿½ï¿½ï¿½ï¿½ï¿½ï¿½ï¿½ï¿½ï¿½colter les avis de la communautï¿½ï¿½ï¿½ï¿½ï¿½ï¿½ï¿½ï¿½ï¿½ï¿½ï¿½ï¿½ï¿",False,O2A,QUESTIONNAIRE EN TENANT COMPTE DU CSP,French,zwclg,"6/3/2021, 2:40:31 PM","6/3/2021, 7:30:22 PM","6/10/2021, 9:58:59 PM",Anonymized,Anonymized,Anonymized,Anonymized,"6/5/2021, 12:41:26 AM",3e4a2337-26ef-40c1-a5a9-42f0d841b1f4,Anonymized,1992,WILAYA D'ALGER,H,MARIE,SALARIE,BAC,2,,36.71835,3.1242752,True,False,Consultant marketing,B,36.71771,3.1203117,"OUIPresentSur RS,","UtilisePlus Facebook,UtilisePlus Instagram,,UtilisePlus Likendin,,,,","FaireConnaissance,Suivre Actualite ,,Consultation Page marque,",",,Moyennement Suivi Marque ,,","Oui Important,","lg,condor,Whirlpool","condor ,iris,brandt","Samsung,Huawei,BEKO,Condor,LG,Brandt,Iris,Raylan,Starlight,Stream System,ENIEM","OUI je connais condor,","Affichage,TV,Reseaux Sociaux ,Ami(e)s Famille Proche,",",Non JeNesuisPas Condor ",",,,,",",",,,
[Etude Universitaire] - Impact de la communication Digitale sur la marque ,"Sous le thï¿½ï¿"" La communication Digitale et son impact sur la notoriï¿½ï¿½ï¿½ï¿½ï¿½ï¿½ï¿½"" , un(e) ï¿½ï¿½ï¿½ï¿½ï¿½ï¿½ï¿½ï¿½ï¿½ï¿½ï¿½ï¿½ï¿½ï¿½ï¿½ï¿½ï¿½ï¿½tudiant(e) de l'Ecole des Hautes Etudes Commerciale Kolea lance son sondage pour rï¿½ï¿½ï¿½ï¿½ï¿½ï¿½ï¿½ï¿½ï¿½ï¿½ï¿½ï¿½ï¿½ï¿½ï¿½ï¿½ï¿½ï¿½colter les avis de la communautï¿½ï¿½ï¿½ï¿½ï¿½ï¿½ï¿½ï¿½ï¿½ï¿½ï¿½ï¿½ï¿",False,O2A,QUESTIONNAIRE EN TENANT COMPTE DU CSP,French,iaydj,"6/3/2021, 2:40:31 PM","6/3/2021, 7:30:22 PM","6/10/2021, 9:58:59 PM",Anonymized,Anonymized,Anonymized,Anonymized,"6/22/2021, 7:00:58 PM",fd636b6c-1acd-47bd-9d8c-5ebe620890b1,Anonymized,1981,WILAYA D' EL BAYADH,H,MARIE,A_SON_COMPTE,LICENCE,2,,36.67532,2.9029605,False,False,Adjoint  au directeur administratif et financier,C1,36.46567,2.6266508,",NONPresentSur RS",",,,,,,,",",,,,",",,,,",",","condor ,enie,star sat","enie,sream,iris","Samsung,Huawei,BEKO,Condor,LG,Brandt,Iris,,Starlight,Stream System,ENIEM","OUI je connais condor,","Affichage,TV,,,",",Non JeNesuisPas Condor ",",,,,",",",,,
[Etude Universitaire] - Impact de la communication Digitale sur la marque ,"Sous le thï¿½ï¿"" La communication Digitale et son impact sur la notoriï¿½ï¿½ï¿½ï¿½ï¿½ï¿½ï¿½"" , un(e) ï¿½ï¿½ï¿½ï¿½ï¿½ï¿½ï¿½ï¿½ï¿½ï¿½ï¿½ï¿½ï¿½ï¿½ï¿½ï¿½ï¿½ï¿½tudiant(e) de l'Ecole des Hautes Etudes Commerciale Kolea lance son sondage pour rï¿½ï¿½ï¿½ï¿½ï¿½ï¿½ï¿½ï¿½ï¿½ï¿½ï¿½ï¿½ï¿½ï¿½ï¿½ï¿½ï¿½ï¿½colter les avis de la communautï¿½ï¿½ï¿½ï¿½ï¿½ï¿½ï¿½ï¿½ï¿½ï¿½ï¿½ï¿½ï¿",False,O2A,QUESTIONNAIRE EN TENANT COMPTE DU CSP,French,zqlbs,"6/3/2021, 2:40:31 PM","6/3/2021, 7:30:22 PM","6/10/2021, 9:58:59 PM",Anonymized,Anonymized,Anonymized,Anonymized,"6/3/2021, 8:33:33 PM",099d980c-67e1-482f-806e-0522331926ec,Anonymized,1999,Sï¿½ï¿½ï¿½ï¿½ï¿,H,MARIE,A_SON_COMPTE,BAC,3,,36.70763,3.0355422,False,False,Maitre assistant ï¿½ï¿½ï¿½ï¿½ï¿½ï¿½ï¿½ï¿½ï¿½ï¿½ï¿½ï¿½ï,C1,,,"OUIPresentSur RS,","UtilisePlus Facebook,UtilisePlus Instagram,,,UtilisePlus Youtube,,,",",Suivre Actualite ,Decouverte Cultures,Consultation Page marque,",",,,Souvent Suivi Marque ,","Oui Important,","LG,Brandt,Enieme","enieme ,Brandt,iris","Samsung,,BEKO,Condor,LG,Brandt,,Raylan,Starlight,Stream System,ENIEM","OUI je connais condor,",",TV,Reseaux Sociaux ,Ami(e)s Famille Proche,","Oui je suis Condor,","Facebook,,Instagram,,Youtube","Oui J ai decouvert,",smartphones,Moyenne,
[Etude Universitaire] - Impact de la communication Digitale sur la marque ,"Sous le thï¿½ï¿"" La communication Digitale et son impact sur la notoriï¿½ï¿½ï¿½ï¿½ï¿½ï¿½ï¿½"" , un(e) ï¿½ï¿½ï¿½ï¿½ï¿½ï¿½ï¿½ï¿½ï¿½ï¿½ï¿½ï¿½ï¿½ï¿½ï¿½ï¿½ï¿½ï¿½tudiant(e) de l'Ecole des Hautes Etudes Commerciale Kolea lance son sondage pour rï¿½ï¿½ï¿½ï¿½ï¿½ï¿½ï¿½ï¿½ï¿½ï¿½ï¿½ï¿½ï¿½ï¿½ï¿½ï¿½ï¿½ï¿½colter les avis de la communautï¿½ï¿½ï¿½ï¿½ï¿½ï¿½ï¿½ï¿½ï¿½ï¿½ï¿½ï¿½ï¿",False,O2A,QUESTIONNAIRE EN TENANT COMPTE DU CSP,French,cwpoy,"6/3/2021, 2:40:31 PM","6/3/2021, 7:30:22 PM","6/10/2021, 9:58:59 PM",Anonymized,Anonymized,Anonymized,Anonymized,"6/6/2021, 8:37:24 AM",fd6c6e9d-b267-480e-ad00-04857695456d,Anonymized,1983,WILAYA D'ALGER,F,CELIBATAIRE,ETUDIANT,LICENCE,2,,36.679394,2.8987238,True,False,Enseignant-chercheur,C1,,,"OUIPresentSur RS,","UtilisePlus Facebook,UtilisePlus Instagram,,UtilisePlus Likendin,,,,","FaireConnaissance,Suivre Actualite ,Decouverte Cultures,Consultation Page marque,",",,Moyennement Suivi Marque ,,","Oui Important,","seb,moulinex ,LG","aucune ,aucune ,aucune ","Samsung,Huawei,BEKO,,LG,,Iris,,,,ENIEM","OUI je connais condor,","Affichage,,,,",",Non JeNesuisPas Condor ",",,,,",",",,,amï¿½ï¿½ï¿½ï¿½ï¿½ï¿½ï¿½ï¿½ï¿½ï¿½ï¿½ï¿½ï¿½ï¿½ï¿½ï¿½ï¿½ï
[Etude Universitaire] - Impact de la communication Digitale sur la marque ,"Sous le thï¿½ï¿"" La communication Digitale et son impact sur la notoriï¿½ï¿½ï¿½ï¿½ï¿½ï¿½ï¿½"" , un(e) ï¿½ï¿½ï¿½ï¿½ï¿½ï¿½ï¿½ï¿½ï¿½ï¿½ï¿½ï¿½ï¿½ï¿½ï¿½ï¿½ï¿½ï¿½tudiant(e) de l'Ecole des Hautes Etudes Commerciale Kolea lance son sondage pour rï¿½ï¿½ï¿½ï¿½ï¿½ï¿½ï¿½ï¿½ï¿½ï¿½ï¿½ï¿½ï¿½ï¿½ï¿½ï¿½ï¿½ï¿½colter les avis de la communautï¿½ï¿½ï¿½ï¿½ï¿½ï¿½ï¿½ï¿½ï¿½ï¿½ï¿½ï¿½ï¿",False,O2A,QUESTIONNAIRE EN TENANT COMPTE DU CSP,French,oxpqi,"6/3/2021, 2:40:31 PM","6/3/2021, 7:30:22 PM","6/10/2021, 9:58:59 PM",Anonymized,Anonymized,Anonymized,Anonymized,"6/3/2021, 8:00:31 PM",06c9cd3f-62c2-46e8-abb1-7f50b5681581,Anonymized,1999,WILAYA DE TLEMCEN,F,CELIBATAIRE,AU_FOYER,BAC,3,,36.688416,4.267488,True,False,Consultant marketing,B,36.68837,4.26758,"OUIPresentSur RS,","UtilisePlus Facebook,UtilisePlus Instagram,,UtilisePlus Likendin,,,,",",,,Consultation Page marque,",",,,Souvent Suivi Marque ,","Oui Important,","sonashi,brante,LG","brand,condors ,eniem","Samsung,,BEKO,Condor,LG,Brandt,Iris,,,,ENIEM","OUI je connais condor,",",TV,,,",",Non JeNesuisPas Condor ",",,,,",",",,,s interesser aux groupes et communiquer a travers 
[Etude Universitaire] - Impact de la communication Digitale sur la marque ,"Sous le thï¿½ï¿"" La communication Digitale et son impact sur la notoriï¿½ï¿½ï¿½ï¿½ï¿½ï¿½ï¿½"" , un(e) ï¿½ï¿½ï¿½ï¿½ï¿½ï¿½ï¿½ï¿½ï¿½ï¿½ï¿½ï¿½ï¿½ï¿½ï¿½ï¿½ï¿½ï¿½tudiant(e) de l'Ecole des Hautes Etudes Commerciale Kolea lance son sondage pour rï¿½ï¿½ï¿½ï¿½ï¿½ï¿½ï¿½ï¿½ï¿½ï¿½ï¿½ï¿½ï¿½ï¿½ï¿½ï¿½ï¿½ï¿½colter les avis de la communautï¿½ï¿½ï¿½ï¿½ï¿½ï¿½ï¿½ï¿½ï¿½ï¿½ï¿½ï¿½ï¿",False,O2A,QUESTIONNAIRE EN TENANT COMPTE DU CSP,French,jahsq,"6/3/2021, 2:40:31 PM","6/3/2021, 7:30:22 PM","6/10/2021, 9:58:59 PM",Anonymized,Anonymized,Anonymized,Anonymized,"6/3/2021, 9:17:04 PM",a50d8a4a-b7a7-4c56-aed3-ede19e42e7e9,Anonymized,1981,WILAYA D'EL TARF,F,CELIBATAIRE,A_SON_COMPTE,LICENCE,2,,36.5122,4.5841327,False,False,Directeur / Directrice d'ï¿½ï¿½ï¿½ï¿½ï¿½ï¿½ï¿½ï¿½ï¿½ï¿½ï¿½ï¿½ï¿½ï¿½,B,36.498726,4.578854,"OUIPresentSur RS,","UtilisePlus Facebook,UtilisePlus Instagram,,,UtilisePlus Youtube,,,",",Suivre Actualite ,,Consultation Page marque,",",,,Souvent Suivi Marque ,","Oui Important,","Samsung,Whirlpool,Ariston","condor,eniem,iris","Samsung,Huawei,BEKO,Condor,LG,Brandt,Iris,Raylan,Starlight,,ENIEM","OUI je connais condor,",",,,Ami(e)s Famille Proche,",",Non JeNesuisPas Condor ",",,,,",",",,,
[Etude Universitaire] - Impact de la communication Digitale sur la marque ,"Sous le thï¿½ï¿"" La communication Digitale et son impact sur la notoriï¿½ï¿½ï¿½ï¿½ï¿½ï¿½ï¿½"" , un(e) ï¿½ï¿½ï¿½ï¿½ï¿½ï¿½ï¿½ï¿½ï¿½ï¿½ï¿½ï¿½ï¿½ï¿½ï¿½ï¿½ï¿½ï¿½tudiant(e) de l'Ecole des Hautes Etudes Commerciale Kolea lance son sondage pour rï¿½ï¿½ï¿½ï¿½ï¿½ï¿½ï¿½ï¿½ï¿½ï¿½ï¿½ï¿½ï¿½ï¿½ï¿½ï¿½ï¿½ï¿½colter les avis de la communautï¿½ï¿½ï¿½ï¿½ï¿½ï¿½ï¿½ï¿½ï¿½ï¿½ï¿½ï¿½ï¿",False,O2A,QUESTIONNAIRE EN TENANT COMPTE DU CSP,French,yqmbg,"6/3/2021, 2:40:31 PM","6/3/2021, 7:30:22 PM","6/10/2021, 9:58:59 PM",Anonymized,Anonymized,Anonymized,Anonymized,"6/4/2021, 5:37:30 PM",fba8baa6-a529-4e57-ac28-bd5caa34e56b,Anonymized,1993,WILAYA D'ALGER,H,MARIE,AU_FOYER,LICENCE,3,,36.774117,3.0544572,False,False,Directeur tï¿½ï¿½ï¿½,B,,,"OUIPresentSur RS,","UtilisePlus Facebook,,,UtilisePlus Likendin,,,,","FaireConnaissance,,,Consultation Page marque,",",,Moyennement Suivi Marque ,,","Oui Important,","iris ,Samsung ,condor ","condor ,iris ,Brandt ","Samsung,,BEKO,Condor,LG,Brandt,Iris,,Starlight,Stream System,ENIEM","OUI je connais condor,",",TV,,,","Oui je suis Condor,","Facebook,,,,","Oui J ai decouvert,",tv ,Faible ,plus de promo et de facilitation de paiement 
[Etude Universitaire] - Impact de la communication Digitale sur la marque ,"Sous le thï¿½ï¿"" La communication Digitale et son impact sur la notoriï¿½ï¿½ï¿½ï¿½ï¿½ï¿½ï¿½"" , un(e) ï¿½ï¿½ï¿½ï¿½ï¿½ï¿½ï¿½ï¿½ï¿½ï¿½ï¿½ï¿½ï¿½ï¿½ï¿½ï¿½ï¿½ï¿½tudiant(e) de l'Ecole des Hautes Etudes Commerciale Kolea lance son sondage pour rï¿½ï¿½ï¿½ï¿½ï¿½ï¿½ï¿½ï¿½ï¿½ï¿½ï¿½ï¿½ï¿½ï¿½ï¿½ï¿½ï¿½ï¿½colter les avis de la communautï¿½ï¿½ï¿½ï¿½ï¿½ï¿½ï¿½ï¿½ï¿½ï¿½ï¿½ï¿½ï¿",False,O2A,QUESTIONNAIRE EN TENANT COMPTE DU CSP,French,vjaxw,"6/3/2021, 2:40:31 PM","6/3/2021, 7:30:22 PM","6/10/2021, 9:58:59 PM",Anonymized,Anonymized,Anonymized,Anonymized,"6/5/2021, 10:12:01 AM",e263007f-47bd-4b15-85d1-c1855848e2a5,Anonymized,1980,TLEMCEN PROVINCE,H,CELIBATAIRE,A_SON_COMPTE,MASTER_INGENIEUR,3,,36.714195,3.2201552,False,False,Maï¿½ï¿½ï¿½ï¿½ï¿½ï¿½ï¿½ï¿½ï¿½ï¿½,C1,,,"OUIPresentSur RS,","UtilisePlus Facebook,UtilisePlus Instagram,,,UtilisePlus Youtube,,,","FaireConnaissance,Suivre Actualite ,Decouverte Cultures,Consultation Page marque,",",,Moyennement Suivi Marque ,,","Oui Important,","iris,brandt,seb","brandt,iris,candor","Samsung,Huawei,,Condor,LG,Brandt,Iris,,Starlight,,ENIEM","OUI je connais condor,","Affichage,,Reseaux Sociaux ,Ami(e)s Famille Proche,",",Non JeNesuisPas Condor ",",,,,",",",,,
[Etude Universitaire] - Impact de la communication Digitale sur la marque ,"Sous le thï¿½ï¿"" La communication Digitale et son impact sur la notoriï¿½ï¿½ï¿½ï¿½ï¿½ï¿½ï¿½"" , un(e) ï¿½ï¿½ï¿½ï¿½ï¿½ï¿½ï¿½ï¿½ï¿½ï¿½ï¿½ï¿½ï¿½ï¿½ï¿½ï¿½ï¿½ï¿½tudiant(e) de l'Ecole des Hautes Etudes Commerciale Kolea lance son sondage pour rï¿½ï¿½ï¿½ï¿½ï¿½ï¿½ï¿½ï¿½ï¿½ï¿½ï¿½ï¿½ï¿½ï¿½ï¿½ï¿½ï¿½ï¿½colter les avis de la communautï¿½ï¿½ï¿½ï¿½ï¿½ï¿½ï¿½ï¿½ï¿½ï¿½ï¿½ï¿½ï¿",False,O2A,QUESTIONNAIRE EN TENANT COMPTE DU CSP,French,umzyv,"6/3/2021, 2:40:31 PM","6/3/2021, 7:30:22 PM","6/10/2021, 9:58:59 PM",Anonymized,Anonymized,Anonymized,Anonymized,"6/6/2021, 8:51:30 PM",5ed96322-6148-4216-9633-4ed7abd6e4ed,Anonymized,1998,CONSTANTINE PROVINCE,H,CELIBATAIRE,AU_FOYER,DOCTEUR,1,,36.703552,3.061702,False,False,Technico-commercial,C2,36.703648,3.0614295,"OUIPresentSur RS,","UtilisePlus Facebook,,,,UtilisePlus Youtube,,,",",Suivre Actualite ,,,",",Rarement Suivi Marque ,,,","Oui Important,","lg,Samsung ,condor","condor ,iris,enie","Samsung,Huawei,BEKO,Condor,LG,Brandt,Iris,,Starlight,,","OUI je connais condor,",",TV,,,",",Non JeNesuisPas Condor ",",,,,",",",,,j'ai pas de proposition 
[Etude Universitaire] - Impact de la communication Digitale sur la marque ,"Sous le thï¿½ï¿"" La communication Digitale et son impact sur la notoriï¿½ï¿½ï¿½ï¿½ï¿½ï¿½ï¿½"" , un(e) ï¿½ï¿½ï¿½ï¿½ï¿½ï¿½ï¿½ï¿½ï¿½ï¿½ï¿½ï¿½ï¿½ï¿½ï¿½ï¿½ï¿½ï¿½tudiant(e) de l'Ecole des Hautes Etudes Commerciale Kolea lance son sondage pour rï¿½ï¿½ï¿½ï¿½ï¿½ï¿½ï¿½ï¿½ï¿½ï¿½ï¿½ï¿½ï¿½ï¿½ï¿½ï¿½ï¿½ï¿½colter les avis de la communautï¿½ï¿½ï¿½ï¿½ï¿½ï¿½ï¿½ï¿½ï¿½ï¿½ï¿½ï¿½ï¿",False,O2A,QUESTIONNAIRE EN TENANT COMPTE DU CSP,French,tvqqg,"6/3/2021, 2:40:31 PM","6/3/2021, 7:30:22 PM","6/10/2021, 9:58:59 PM",Anonymized,Anonymized,Anonymized,Anonymized,"6/3/2021, 7:49:01 PM",8e37b489-ee8f-4715-a437-8f9ba575e590,Anonymized,1997,WILAYA D'ALGER,H,MARIE,SALARIE,DOCTEUR,4,,34.884026,-1.3265665,False,False,SANS EMPLOIE,E,31.559011,-2.2365227,"OUIPresentSur RS,",",UtilisePlus Instagram,,,UtilisePlus Youtube,,UtilisePlus Snapchat,",",Suivre Actualite ,,,",",,Moyennement Suivi Marque ,,","Oui Important,","lg,beko,gï¿½ï¿½","ýýniýýme ,bms,condor ","Samsung,Huawei,BEKO,Condor,LG,Brandt,Iris,Raylan,Starlight,Stream System,ENIEM","OUI je connais condor,","Affichage,TV,Reseaux Sociaux ,Ami(e)s Famille Proche,",",Non JeNesuisPas Condor ",",,,,",",",,,
[Etude Universitaire] - Impact de la communication Digitale sur la marque ,"Sous le thï¿½ï¿"" La communication Digitale et son impact sur la notoriï¿½ï¿½ï¿½ï¿½ï¿½ï¿½ï¿½"" , un(e) ï¿½ï¿½ï¿½ï¿½ï¿½ï¿½ï¿½ï¿½ï¿½ï¿½ï¿½ï¿½ï¿½ï¿½ï¿½ï¿½ï¿½ï¿½tudiant(e) de l'Ecole des Hautes Etudes Commerciale Kolea lance son sondage pour rï¿½ï¿½ï¿½ï¿½ï¿½ï¿½ï¿½ï¿½ï¿½ï¿½ï¿½ï¿½ï¿½ï¿½ï¿½ï¿½ï¿½ï¿½colter les avis de la communautï¿½ï¿½ï¿½ï¿½ï¿½ï¿½ï¿½ï¿½ï¿½ï¿½ï¿½ï¿½ï¿",False,O2A,QUESTIONNAIRE EN TENANT COMPTE DU CSP,French,xykuw,"6/3/2021, 2:40:31 PM","6/3/2021, 7:30:22 PM","6/10/2021, 9:58:59 PM",Anonymized,Anonymized,Anonymized,Anonymized,"6/3/2021, 7:35:45 PM",adcbc7c5-b4bf-475d-9920-3b2f3d722052,Anonymized,2003,WILAYA DE TLEMCEN,F,CELIBATAIRE,A_SON_COMPTE,BAC,2,,36.482506,2.820233,False,False,SANS EMPLOIE,E,,,"OUIPresentSur RS,","UtilisePlus Facebook,UtilisePlus Instagram,UtilisePlus Twitter,,,,,","FaireConnaissance,Suivre Actualite ,,Consultation Page marque,",",,Moyennement Suivi Marque ,,","Oui Important,","LG,Samsung,Gï¿½ï¿½","condor ,Gï¿½ï¿½ï¿½ï¿","Samsung,Huawei,BEKO,Condor,LG,Brandt,Iris,,,,","OUI je connais condor,",",TV,,,",",Non JeNesuisPas Condor ",",,,,",",",,,
[Etude Universitaire] - Impact de la communication Digitale sur la marque ,"Sous le thï¿½ï¿"" La communication Digitale et son impact sur la notoriï¿½ï¿½ï¿½ï¿½ï¿½ï¿½ï¿½"" , un(e) ï¿½ï¿½ï¿½ï¿½ï¿½ï¿½ï¿½ï¿½ï¿½ï¿½ï¿½ï¿½ï¿½ï¿½ï¿½ï¿½ï¿½ï¿½tudiant(e) de l'Ecole des Hautes Etudes Commerciale Kolea lance son sondage pour rï¿½ï¿½ï¿½ï¿½ï¿½ï¿½ï¿½ï¿½ï¿½ï¿½ï¿½ï¿½ï¿½ï¿½ï¿½ï¿½ï¿½ï¿½colter les avis de la communautï¿½ï¿½ï¿½ï¿½ï¿½ï¿½ï¿½ï¿½ï¿½ï¿½ï¿½ï¿½ï¿",False,O2A,QUESTIONNAIRE EN TENANT COMPTE DU CSP,French,kwpjz,"6/3/2021, 2:40:31 PM","6/3/2021, 7:30:22 PM","6/10/2021, 9:58:59 PM",Anonymized,Anonymized,Anonymized,Anonymized,"6/3/2021, 7:43:23 PM",3efc70d7-8643-4304-82c1-f523242cbfb8,Anonymized,1973,WILAYA DE SIDI BEL ABBï¿½,H,MARIE,SALARIE,MASTER_INGENIEUR,5,,36.25579,6.5883784,True,False,Ingï¿½ï¿½ï¿½ï¿½ï¿½ï¿½ï¿½ï¿½ï¿½ï¿½ï,C1,,,"OUIPresentSur RS,","UtilisePlus Facebook,,UtilisePlus Twitter,,UtilisePlus Youtube,,,",",Suivre Actualite ,Decouverte Cultures,Consultation Page marque,",",,Moyennement Suivi Marque ,,","Oui Important,","pionner dj,data center,Brandt","enie,starsat,geant","Samsung,Huawei,BEKO,Condor,LG,Brandt,Iris,Raylan,Starlight,Stream System,ENIEM","OUI je connais condor,",",,,,les imbï¿½ï¿½ï",",Non JeNesuisPas Condor ",",,,,",",",,,vous etes nulle alors laisser tomber
[Etude Universitaire] - Impact de la communication Digitale sur la marque ,"Sous le thï¿½ï¿"" La communication Digitale et son impact sur la notoriï¿½ï¿½ï¿½ï¿½ï¿½ï¿½ï¿½"" , un(e) ï¿½ï¿½ï¿½ï¿½ï¿½ï¿½ï¿½ï¿½ï¿½ï¿½ï¿½ï¿½ï¿½ï¿½ï¿½ï¿½ï¿½ï¿½tudiant(e) de l'Ecole des Hautes Etudes Commerciale Kolea lance son sondage pour rï¿½ï¿½ï¿½ï¿½ï¿½ï¿½ï¿½ï¿½ï¿½ï¿½ï¿½ï¿½ï¿½ï¿½ï¿½ï¿½ï¿½ï¿½colter les avis de la communautï¿½ï¿½ï¿½ï¿½ï¿½ï¿½ï¿½ï¿½ï¿½ï¿½ï¿½ï¿½ï¿",False,O2A,QUESTIONNAIRE EN TENANT COMPTE DU CSP,French,niwni,"6/3/2021, 2:40:31 PM","6/3/2021, 7:30:22 PM","6/10/2021, 9:58:59 PM",Anonymized,Anonymized,Anonymized,Anonymized,"6/9/2021, 1:11:15 AM",314d85a6-ba8d-4687-ae54-36cc2c30b388,Anonymized,1992,WILAYA DE SIDI BEL ABBï¿½,H,CELIBATAIRE,AU_FOYER,FORMATION_PROF,2,,36.679455,2.8986623,False,False,SANS EMPLOIE,E,36.48097,2.806085,"OUIPresentSur RS,","UtilisePlus Facebook,UtilisePlus Instagram,,,,UtilisePlus Tiktok,,",",Suivre Actualite ,,,",",,,Souvent Suivi Marque ,","Oui Important,","Brandt ,condor,molinex","condor,enie,iris","Samsung,Huawei,BEKO,Condor,LG,Brandt,Iris,,Starlight,Stream System,ENIEM","OUI je connais condor,",",TV,,,",",Non JeNesuisPas Condor ",",,,,",",",,,
[Etude Universitaire] - Impact de la communication Digitale sur la marque ,"Sous le thï¿½ï¿"" La communication Digitale et son impact sur la notoriï¿½ï¿½ï¿½ï¿½ï¿½ï¿½ï¿½"" , un(e) ï¿½ï¿½ï¿½ï¿½ï¿½ï¿½ï¿½ï¿½ï¿½ï¿½ï¿½ï¿½ï¿½ï¿½ï¿½ï¿½ï¿½ï¿½tudiant(e) de l'Ecole des Hautes Etudes Commerciale Kolea lance son sondage pour rï¿½ï¿½ï¿½ï¿½ï¿½ï¿½ï¿½ï¿½ï¿½ï¿½ï¿½ï¿½ï¿½ï¿½ï¿½ï¿½ï¿½ï¿½colter les avis de la communautï¿½ï¿½ï¿½ï¿½ï¿½ï¿½ï¿½ï¿½ï¿½ï¿½ï¿½ï¿½ï¿",False,O2A,QUESTIONNAIRE EN TENANT COMPTE DU CSP,French,llgfb,"6/3/2021, 2:40:31 PM","6/3/2021, 7:30:22 PM","6/10/2021, 9:58:59 PM",Anonymized,Anonymized,Anonymized,Anonymized,"6/3/2021, 9:04:18 PM",24ff6767-6109-4f7f-9062-b936627da0e5,Anonymized,2008,WILAYA DE Bï¿½ï¿½ï,F,CELIBATAIRE,SALARIE,BAC,2,,36.62165,4.4744525,False,False,SANS EMPLOIE,E,,,"OUIPresentSur RS,","UtilisePlus Facebook,UtilisePlus Instagram,,UtilisePlus Likendin,,,,","FaireConnaissance,Suivre Actualite ,Decouverte Cultures,Consultation Page marque,",",,Moyennement Suivi Marque ,,","Oui Important,","conodor,iris ,brand","condor,condor ,iris","Samsung,Huawei,,Condor,LG,Brandt,Iris,,Starlight,Stream System,ENIEM","OUI je connais condor,",",TV,Reseaux Sociaux ,,","Oui je suis Condor,","Facebook,,,,","Oui J ai decouvert,",le robot mixeur,Moyenne,"partager un contenu qui intï¿½ï¿½ï¿½ï¿½ï¿½ï¿½ï¿½ï¿½ï¿½ï¿½ï¿½ï¿½ï¿½ï¿½ï¿½ï¿½ï¿½ï¿½resse ces utilisateurs, amï¿½ï¿½ï¿½ï¿½ï¿½ï¿½ï¿½ï¿½ï¿½ï¿½ï¿½ï¿½ï¿½ï¿½ï¿½"
[Etude Universitaire] - Impact de la communication Digitale sur la marque ,"Sous le thï¿½ï¿"" La communication Digitale et son impact sur la notoriï¿½ï¿½ï¿½ï¿½ï¿½ï¿½ï¿½"" , un(e) ï¿½ï¿½ï¿½ï¿½ï¿½ï¿½ï¿½ï¿½ï¿½ï¿½ï¿½ï¿½ï¿½ï¿½ï¿½ï¿½ï¿½ï¿½tudiant(e) de l'Ecole des Hautes Etudes Commerciale Kolea lance son sondage pour rï¿½ï¿½ï¿½ï¿½ï¿½ï¿½ï¿½ï¿½ï¿½ï¿½ï¿½ï¿½ï¿½ï¿½ï¿½ï¿½ï¿½ï¿½colter les avis de la communautï¿½ï¿½ï¿½ï¿½ï¿½ï¿½ï¿½ï¿½ï¿½ï¿½ï¿½ï¿½ï¿",False,O2A,QUESTIONNAIRE EN TENANT COMPTE DU CSP,French,vsgpm,"6/3/2021, 2:40:31 PM","6/3/2021, 7:30:22 PM","6/10/2021, 9:58:59 PM",Anonymized,Anonymized,Anonymized,Anonymized,"6/3/2021, 8:34:05 PM",a471bb7c-070b-4ce1-b8aa-5a0a64c8b23d,Anonymized,1980,WILAYA D'ALGER,F,CELIBATAIRE,SALARIE,DOCTEUR,1,,36.786617,2.9007583,False,False,AUTRE A PRECISER,E,,,"OUIPresentSur RS,","UtilisePlus Facebook,UtilisePlus Instagram,,,UtilisePlus Youtube,,,",",Suivre Actualite ,,,",",,Moyennement Suivi Marque ,,","Oui Important,","samsung,Sony ,lg","condor,starlight,enie","Samsung,Huawei,BEKO,Condor,LG,Brandt,Iris,Raylan,Starlight,Stream System,ENIEM","OUI je connais condor,",",,,Ami(e)s Famille Proche,",",Non JeNesuisPas Condor ",",,,,",",",,,
[Etude Universitaire] - Impact de la communication Digitale sur la marque ,"Sous le thï¿½ï¿"" La communication Digitale et son impact sur la notoriï¿½ï¿½ï¿½ï¿½ï¿½ï¿½ï¿½"" , un(e) ï¿½ï¿½ï¿½ï¿½ï¿½ï¿½ï¿½ï¿½ï¿½ï¿½ï¿½ï¿½ï¿½ï¿½ï¿½ï¿½ï¿½ï¿½tudiant(e) de l'Ecole des Hautes Etudes Commerciale Kolea lance son sondage pour rï¿½ï¿½ï¿½ï¿½ï¿½ï¿½ï¿½ï¿½ï¿½ï¿½ï¿½ï¿½ï¿½ï¿½ï¿½ï¿½ï¿½ï¿½colter les avis de la communautï¿½ï¿½ï¿½ï¿½ï¿½ï¿½ï¿½ï¿½ï¿½ï¿½ï¿½ï¿½ï¿",False,O2A,QUESTIONNAIRE EN TENANT COMPTE DU CSP,French,ojczq,"6/3/2021, 2:40:31 PM","6/3/2021, 7:30:22 PM","6/10/2021, 9:58:59 PM",Anonymized,Anonymized,Anonymized,Anonymized,"6/3/2021, 7:34:48 PM",14996385-25cc-4f55-90f3-57fbe20390cd,Anonymized,1987,WILAYA DE TLEMCEN,H,MARIE,A_SON_COMPTE,DOCTEUR,4,,34.881413,-1.3122537,False,False,Technicien  des ventes,C2,,,"OUIPresentSur RS,","UtilisePlus Facebook,UtilisePlus Instagram,,UtilisePlus Likendin,,,,","FaireConnaissance,Suivre Actualite ,Decouverte Cultures,,",",,Moyennement Suivi Marque ,,","Oui Important,","Samsung ,Brandt,iris","brandt,condor,iris","Samsung,Huawei,BEKO,Condor,LG,Brandt,Iris,,,,","OUI je connais condor,",",,,,je possï¿½ï¿½ï¿½ï¿½ï¿½ï¿½ï¿½ï¿½ï¿½","Oui je suis Condor,","Facebook,,Instagram,,","Oui J ai decouvert,",smartphone ,Moyenne,afficher vos prix
[Etude Universitaire] - Impact de la communication Digitale sur la marque ,"Sous le thï¿½ï¿"" La communication Digitale et son impact sur la notoriï¿½ï¿½ï¿½ï¿½ï¿½ï¿½ï¿½"" , un(e) ï¿½ï¿½ï¿½ï¿½ï¿½ï¿½ï¿½ï¿½ï¿½ï¿½ï¿½ï¿½ï¿½ï¿½ï¿½ï¿½ï¿½ï¿½tudiant(e) de l'Ecole des Hautes Etudes Commerciale Kolea lance son sondage pour rï¿½ï¿½ï¿½ï¿½ï¿½ï¿½ï¿½ï¿½ï¿½ï¿½ï¿½ï¿½ï¿½ï¿½ï¿½ï¿½ï¿½ï¿½colter les avis de la communautï¿½ï¿½ï¿½ï¿½ï¿½ï¿½ï¿½ï¿½ï¿½ï¿½ï¿½ï¿½ï¿",False,O2A,QUESTIONNAIRE EN TENANT COMPTE DU CSP,French,uofid,"6/3/2021, 2:40:31 PM","6/3/2021, 7:30:22 PM","6/10/2021, 9:58:59 PM",Anonymized,Anonymized,Anonymized,Anonymized,"6/7/2021, 9:20:17 PM",8f0a9c9b-81ec-402b-8b47-11b17bf9dac8,Anonymized,1986,TIZI OUZOU PROVINCE,H,CELIBATAIRE,AU_FOYER,DOCTEUR,3,,35.578007,7.3430476,False,True,Chargï¿½ï¿½ï¿½ï¿½ï¿½ï¿½ï¿½ï¿½ï,C2,35.570957,7.3470984,"OUIPresentSur RS,","UtilisePlus Facebook,,,UtilisePlus Likendin,UtilisePlus Youtube,,,","FaireConnaissance,Suivre Actualite ,Decouverte Cultures,Consultation Page marque,",",,,Souvent Suivi Marque ,","Oui Important,","huawei,condor,xomi","condor,iris,samsung","Samsung,Huawei,,Condor,LG,,Iris,,,Stream System,","OUI je connais condor,",",,Reseaux Sociaux ,,","Oui je suis Condor,","Facebook,,,,","Oui J ai decouvert,",condor p6 pro,Forte ,
[Etude Universitaire] - Impact de la communication Digitale sur la marque ,"Sous le thï¿½ï¿"" La communication Digitale et son impact sur la notoriï¿½ï¿½ï¿½ï¿½ï¿½ï¿½ï¿½"" , un(e) ï¿½ï¿½ï¿½ï¿½ï¿½ï¿½ï¿½ï¿½ï¿½ï¿½ï¿½ï¿½ï¿½ï¿½ï¿½ï¿½ï¿½ï¿½tudiant(e) de l'Ecole des Hautes Etudes Commerciale Kolea lance son sondage pour rï¿½ï¿½ï¿½ï¿½ï¿½ï¿½ï¿½ï¿½ï¿½ï¿½ï¿½ï¿½ï¿½ï¿½ï¿½ï¿½ï¿½ï¿½colter les avis de la communautï¿½ï¿½ï¿½ï¿½ï¿½ï¿½ï¿½ï¿½ï¿½ï¿½ï¿½ï¿½ï¿",False,O2A,QUESTIONNAIRE EN TENANT COMPTE DU CSP,French,nkndl,"6/3/2021, 2:40:31 PM","6/3/2021, 7:30:22 PM","6/10/2021, 9:58:59 PM",Anonymized,Anonymized,Anonymized,Anonymized,"6/7/2021, 10:07:26 PM",6d4defa3-0ce6-4cf1-a51a-df1b91b3e23e,Anonymized,1989,WILAYA DE BORDJ BOU ARRERIDJ,H,MARIE,ETUDIANT,DOCTEUR,3,,36.889038,7.732816,False,False,Chargï¿½ï¿½ï¿½ï¿½ï¿½ï¿½ï,C1,36.88903,7.7326994,"OUIPresentSur RS,","UtilisePlus Facebook,UtilisePlus Instagram,,UtilisePlus Likendin,,,,",",Suivre Actualite ,,Consultation Page marque,",",,,Souvent Suivi Marque ,","Oui Important,","iris,brand,condor ","eniem,cobra,stream","Samsung,Huawei,BEKO,Condor,LG,Brandt,Iris,Raylan,Starlight,Stream System,ENIEM","OUI je connais condor,",",TV,Reseaux Sociaux ,,",",Non JeNesuisPas Condor ",",,,,",",",,,
[Etude Universitaire] - Impact de la communication Digitale sur la marque ,"Sous le thï¿½ï¿"" La communication Digitale et son impact sur la notoriï¿½ï¿½ï¿½ï¿½ï¿½ï¿½ï¿½"" , un(e) ï¿½ï¿½ï¿½ï¿½ï¿½ï¿½ï¿½ï¿½ï¿½ï¿½ï¿½ï¿½ï¿½ï¿½ï¿½ï¿½ï¿½ï¿½tudiant(e) de l'Ecole des Hautes Etudes Commerciale Kolea lance son sondage pour rï¿½ï¿½ï¿½ï¿½ï¿½ï¿½ï¿½ï¿½ï¿½ï¿½ï¿½ï¿½ï¿½ï¿½ï¿½ï¿½ï¿½ï¿½colter les avis de la communautï¿½ï¿½ï¿½ï¿½ï¿½ï¿½ï¿½ï¿½ï¿½ï¿½ï¿½ï¿½ï¿",False,O2A,QUESTIONNAIRE EN TENANT COMPTE DU CSP,French,oeoij,"6/3/2021, 2:40:31 PM","6/3/2021, 7:30:22 PM","6/10/2021, 9:58:59 PM",Anonymized,Anonymized,Anonymized,Anonymized,"6/7/2021, 9:31:12 PM",ddd6aa02-47cb-4620-8b8d-d247e896ec0f,Anonymized,1991,TLEMCEN PROVINCE,H,CELIBATAIRE,ETUDIANT,DOCTEUR,1,,36.259937,3.02112,False,True,Enseignant,C1,36.261753,3.0246086,"OUIPresentSur RS,","UtilisePlus Facebook,UtilisePlus Instagram,,,UtilisePlus Youtube,,,",",Suivre Actualite ,Decouverte Cultures,Consultation Page marque,",",,,,Tres Souvent Suivi Marque ","Oui Important,","brandt,condor,iris","condor,iris,brandt","Samsung,Huawei,BEKO,Condor,LG,Brandt,Iris,Raylan,Starlight,Stream System,ENIEM","OUI je connais condor,",",TV,Reseaux Sociaux ,,","Oui je suis Condor,","Facebook,,,,","Oui J ai decouvert,",climatiseur,Forte ,non
[Etude Universitaire] - Impact de la communication Digitale sur la marque ,"Sous le thï¿½ï¿"" La communication Digitale et son impact sur la notoriï¿½ï¿½ï¿½ï¿½ï¿½ï¿½ï¿½"" , un(e) ï¿½ï¿½ï¿½ï¿½ï¿½ï¿½ï¿½ï¿½ï¿½ï¿½ï¿½ï¿½ï¿½ï¿½ï¿½ï¿½ï¿½ï¿½tudiant(e) de l'Ecole des Hautes Etudes Commerciale Kolea lance son sondage pour rï¿½ï¿½ï¿½ï¿½ï¿½ï¿½ï¿½ï¿½ï¿½ï¿½ï¿½ï¿½ï¿½ï¿½ï¿½ï¿½ï¿½ï¿½colter les avis de la communautï¿½ï¿½ï¿½ï¿½ï¿½ï¿½ï¿½ï¿½ï¿½ï¿½ï¿½ï¿½ï¿",False,O2A,QUESTIONNAIRE EN TENANT COMPTE DU CSP,French,uyjuf,"6/3/2021, 2:40:31 PM","6/3/2021, 7:30:22 PM","6/10/2021, 9:58:59 PM",Anonymized,Anonymized,Anonymized,Anonymized,"6/4/2021, 2:24:59 PM",234e8da4-f246-4e37-816b-b5b425a9fb17,Anonymized,1967,TIPAZA PROVINCE,F,MARIE,SALARIE,FORMATION_PROF,1,,35.72442,-0.5748206,False,False,Inspecteur,C1,35.715206,-0.6043948,"OUIPresentSur RS,","UtilisePlus Facebook,UtilisePlus Instagram,,,,,UtilisePlus Snapchat,",",Suivre Actualite ,Decouverte Cultures,,",",,Moyennement Suivi Marque ,,","Oui Important,","samsung,wirpool,condor","condor,iris,kiowa","Samsung,,,Condor,LG,,,,,,","OUI je connais condor,",",TV,,,","Oui je suis Condor,","Facebook,,,,","Oui J ai decouvert,",television,Moyenne,faire des promotins
[Etude Universitaire] - Impact de la communication Digitale sur la marque ,"Sous le thï¿½ï¿"" La communication Digitale et son impact sur la notoriï¿½ï¿½ï¿½ï¿½ï¿½ï¿½ï¿½"" , un(e) ï¿½ï¿½ï¿½ï¿½ï¿½ï¿½ï¿½ï¿½ï¿½ï¿½ï¿½ï¿½ï¿½ï¿½ï¿½ï¿½ï¿½ï¿½tudiant(e) de l'Ecole des Hautes Etudes Commerciale Kolea lance son sondage pour rï¿½ï¿½ï¿½ï¿½ï¿½ï¿½ï¿½ï¿½ï¿½ï¿½ï¿½ï¿½ï¿½ï¿½ï¿½ï¿½ï¿½ï¿½colter les avis de la communautï¿½ï¿½ï¿½ï¿½ï¿½ï¿½ï¿½ï¿½ï¿½ï¿½ï¿½ï¿½ï¿",False,O2A,QUESTIONNAIRE EN TENANT COMPTE DU CSP,French,cukqu,"6/3/2021, 2:40:31 PM","6/3/2021, 7:30:22 PM","6/10/2021, 9:58:59 PM",Anonymized,Anonymized,Anonymized,Anonymized,"6/3/2021, 8:27:12 PM",84f56959-e981-4e14-8bb1-518e4fcbe51f,Anonymized,1993,WILAYA DE Sï¿½ï¿,F,MARIE,SALARIE,FORMATION_PROF,4,,36.733585,2.9557981,False,True,SANS EMPLOIE,E,36.73356,2.9558167,"OUIPresentSur RS,","UtilisePlus Facebook,UtilisePlus Instagram,,,UtilisePlus Youtube,,,",",Suivre Actualite ,,,",",,,Souvent Suivi Marque ,","Oui Important,","LG,Condor ,Beko","Iris ,Condor ,starlight","Samsung,Huawei,BEKO,Condor,LG,Brandt,Iris,Raylan,Starlight,,ENIEM","OUI je connais condor,","Affichage,TV,,,",",Non JeNesuisPas Condor ",",,,,",",",,,
[Etude Universitaire] - Impact de la communication Digitale sur la marque ,"Sous le thï¿½ï¿"" La communication Digitale et son impact sur la notoriï¿½ï¿½ï¿½ï¿½ï¿½ï¿½ï¿½"" , un(e) ï¿½ï¿½ï¿½ï¿½ï¿½ï¿½ï¿½ï¿½ï¿½ï¿½ï¿½ï¿½ï¿½ï¿½ï¿½ï¿½ï¿½ï¿½tudiant(e) de l'Ecole des Hautes Etudes Commerciale Kolea lance son sondage pour rï¿½ï¿½ï¿½ï¿½ï¿½ï¿½ï¿½ï¿½ï¿½ï¿½ï¿½ï¿½ï¿½ï¿½ï¿½ï¿½ï¿½ï¿½colter les avis de la communautï¿½ï¿½ï¿½ï¿½ï¿½ï¿½ï¿½ï¿½ï¿½ï¿½ï¿½ï¿½ï¿",False,O2A,QUESTIONNAIRE EN TENANT COMPTE DU CSP,French,jbigp,"6/3/2021, 2:40:31 PM","6/3/2021, 7:30:22 PM","6/10/2021, 9:58:59 PM",Anonymized,Anonymized,Anonymized,Anonymized,"6/6/2021, 11:34:02 PM",65b9e68b-343c-40e4-a1d0-dbcc8b560500,Anonymized,1996,WILAYA DE TLEMCEN,F,CELIBATAIRE,ETUDIANT,FORMATION_PROF,5,,36.525627,4.240993,False,False,AUTRE A PRECISER,E,36.525215,4.238392,"OUIPresentSur RS,","UtilisePlus Facebook,UtilisePlus Instagram,,,UtilisePlus Youtube,,,",",Suivre Actualite ,,,",",,Moyennement Suivi Marque ,,","Oui Important,","Samsung,LG,condor","condor,Iris,ENIEM","Samsung,Huawei,,Condor,LG,,Iris,Raylan,Starlight,,ENIEM","OUI je connais condor,",",TV,Reseaux Sociaux ,,","Oui je suis Condor,","Facebook,,,,","Oui J ai decouvert,",tï¿½ï¿½ï¿½ï¿½ï¿½ï¿½ï¿½,Faible ,faire des annonces sur youtube
[Etude Universitaire] - Impact de la communication Digitale sur la marque ,"Sous le thï¿½ï¿"" La communication Digitale et son impact sur la notoriï¿½ï¿½ï¿½ï¿½ï¿½ï¿½ï¿½"" , un(e) ï¿½ï¿½ï¿½ï¿½ï¿½ï¿½ï¿½ï¿½ï¿½ï¿½ï¿½ï¿½ï¿½ï¿½ï¿½ï¿½ï¿½ï¿½tudiant(e) de l'Ecole des Hautes Etudes Commerciale Kolea lance son sondage pour rï¿½ï¿½ï¿½ï¿½ï¿½ï¿½ï¿½ï¿½ï¿½ï¿½ï¿½ï¿½ï¿½ï¿½ï¿½ï¿½ï¿½ï¿½colter les avis de la communautï¿½ï¿½ï¿½ï¿½ï¿½ï¿½ï¿½ï¿½ï¿½ï¿½ï¿½ï¿½ï¿",False,O2A,QUESTIONNAIRE EN TENANT COMPTE DU CSP,French,bsfjj,"6/3/2021, 2:40:31 PM","6/3/2021, 7:30:22 PM","6/10/2021, 9:58:59 PM",Anonymized,Anonymized,Anonymized,Anonymized,"6/9/2021, 1:41:20 PM",6c1aa0d7-896f-406c-aa8d-1332addce01f,Anonymized,1996,WILAYA DE SIDI BEL ABBï¿½,F,CELIBATAIRE,ETUDIANT,MASTER_INGENIEUR,2,,36.189213,5.4086156,False,False,SANS EMPLOIE,E,36.189274,5.4087367,"OUIPresentSur RS,","UtilisePlus Facebook,UtilisePlus Instagram,,,UtilisePlus Youtube,,,",",Suivre Actualite ,,Consultation Page marque,",",,,,Tres Souvent Suivi Marque ","Oui Important,","Braun,Philips,LG","Condor,Iris,Brandt","Samsung,,BEKO,,LG,Brandt,Iris,,,,ENIEM","OUI je connais condor,","Affichage,TV,Reseaux Sociaux ,,",",Non JeNesuisPas Condor ",",,,,",",",,,
[Etude Universitaire] - Impact de la communication Digitale sur la marque ,"Sous le thï¿½ï¿"" La communication Digitale et son impact sur la notoriï¿½ï¿½ï¿½ï¿½ï¿½ï¿½ï¿½"" , un(e) ï¿½ï¿½ï¿½ï¿½ï¿½ï¿½ï¿½ï¿½ï¿½ï¿½ï¿½ï¿½ï¿½ï¿½ï¿½ï¿½ï¿½ï¿½tudiant(e) de l'Ecole des Hautes Etudes Commerciale Kolea lance son sondage pour rï¿½ï¿½ï¿½ï¿½ï¿½ï¿½ï¿½ï¿½ï¿½ï¿½ï¿½ï¿½ï¿½ï¿½ï¿½ï¿½ï¿½ï¿½colter les avis de la communautï¿½ï¿½ï¿½ï¿½ï¿½ï¿½ï¿½ï¿½ï¿½ï¿½ï¿½ï¿½ï¿",False,O2A,QUESTIONNAIRE EN TENANT COMPTE DU CSP,French,ruiun,"6/3/2021, 2:40:31 PM","6/3/2021, 7:30:22 PM","6/10/2021, 9:58:59 PM",Anonymized,Anonymized,Anonymized,Anonymized,"6/3/2021, 7:35:52 PM",6ae26bcc-3622-4265-b15a-88df585bd837,Anonymized,1997,TIPAZA PROVINCE,F,CELIBATAIRE,ETUDIANT,BAC,5,,-6.948704,106.943794,False,True,AUTRE A PRECISER,E,,,"OUIPresentSur RS,","UtilisePlus Facebook,UtilisePlus Instagram,,UtilisePlus Likendin,,,,",",Suivre Actualite ,,,",",,Moyennement Suivi Marque ,,","Oui Important,","lg,enie,condor","enie,eris,condor","Samsung,Huawei,BEKO,Condor,LG,Brandt,Iris,,Starlight,,","OUI je connais condor,",",,Reseaux Sociaux ,,",",Non JeNesuisPas Condor ",",,,,",",",,,
[Etude Universitaire] - Impact de la communication Digitale sur la marque ,"Sous le thï¿½ï¿"" La communication Digitale et son impact sur la notoriï¿½ï¿½ï¿½ï¿½ï¿½ï¿½ï¿½"" , un(e) ï¿½ï¿½ï¿½ï¿½ï¿½ï¿½ï¿½ï¿½ï¿½ï¿½ï¿½ï¿½ï¿½ï¿½ï¿½ï¿½ï¿½ï¿½tudiant(e) de l'Ecole des Hautes Etudes Commerciale Kolea lance son sondage pour rï¿½ï¿½ï¿½ï¿½ï¿½ï¿½ï¿½ï¿½ï¿½ï¿½ï¿½ï¿½ï¿½ï¿½ï¿½ï¿½ï¿½ï¿½colter les avis de la communautï¿½ï¿½ï¿½ï¿½ï¿½ï¿½ï¿½ï¿½ï¿½ï¿½ï¿½ï¿½ï¿",False,O2A,QUESTIONNAIRE EN TENANT COMPTE DU CSP,French,ndgbf,"6/3/2021, 2:40:31 PM","6/3/2021, 7:30:22 PM","6/10/2021, 9:58:59 PM",Anonymized,Anonymized,Anonymized,Anonymized,"6/3/2021, 8:14:11 PM",09af6417-c1ba-4b43-95b9-d307fcd21b57,Anonymized,1978,WILAYA D'ANNABA,F,CELIBATAIRE,AU_FOYER,DOCTEUR,3,,36.726074,3.0468469,False,False,AUTRE A PRECISER,E,,,"OUIPresentSur RS,","UtilisePlus Facebook,,,UtilisePlus Likendin,UtilisePlus Youtube,,,",",Suivre Actualite ,,,",",Rarement Suivi Marque ,,,","Oui Important,","Samsung,LG,Whirlpool","Iris,gï¿½ï¿½ï¿½ï¿","Samsung,Huawei,BEKO,Condor,LG,Brandt,Iris,,Starlight,Stream System,ENIEM","OUI je connais condor,",",,Reseaux Sociaux ,,",",Non JeNesuisPas Condor ",",,,,",",",,,sponsoriser les publications
[Etude Universitaire] - Impact de la communication Digitale sur la marque ,"Sous le thï¿½ï¿"" La communication Digitale et son impact sur la notoriï¿½ï¿½ï¿½ï¿½ï¿½ï¿½ï¿½"" , un(e) ï¿½ï¿½ï¿½ï¿½ï¿½ï¿½ï¿½ï¿½ï¿½ï¿½ï¿½ï¿½ï¿½ï¿½ï¿½ï¿½ï¿½ï¿½tudiant(e) de l'Ecole des Hautes Etudes Commerciale Kolea lance son sondage pour rï¿½ï¿½ï¿½ï¿½ï¿½ï¿½ï¿½ï¿½ï¿½ï¿½ï¿½ï¿½ï¿½ï¿½ï¿½ï¿½ï¿½ï¿½colter les avis de la communautï¿½ï¿½ï¿½ï¿½ï¿½ï¿½ï¿½ï¿½ï¿½ï¿½ï¿½ï¿½ï¿",False,O2A,QUESTIONNAIRE EN TENANT COMPTE DU CSP,French,gqbtk,"6/3/2021, 2:40:31 PM","6/3/2021, 7:30:22 PM","6/10/2021, 9:58:59 PM",Anonymized,Anonymized,Anonymized,Anonymized,"6/3/2021, 7:41:44 PM",e9ea6eed-be7d-4009-b8f1-32fa82e8dddc,Anonymized,1986,WILAYA D'ALGER,F,MARIE,AU_FOYER,LICENCE,1,,36.694756,4.0463223,False,False,SANS EMPLOIE,E,,,"OUIPresentSur RS,","UtilisePlus Facebook,UtilisePlus Instagram,UtilisePlus Twitter,,,,,","FaireConnaissance,Suivre Actualite ,Decouverte Cultures,Consultation Page marque,",",Rarement Suivi Marque ,,,","Oui Important,","sonny,LG,Samsung ","eniem,eni,star light","Samsung,,,,LG,Brandt,,,Starlight,,ENIEM","OUI je connais condor,","Affichage,,,,",",Non JeNesuisPas Condor ",",,,,",",",,,proposer de la bonne qualitï¿½ï¿½ï¿½ï¿½ï¿½ï¿½ï¿½ï
[Etude Universitaire] - Impact de la communication Digitale sur la marque ,"Sous le thï¿½ï¿"" La communication Digitale et son impact sur la notoriï¿½ï¿½ï¿½ï¿½ï¿½ï¿½ï¿½"" , un(e) ï¿½ï¿½ï¿½ï¿½ï¿½ï¿½ï¿½ï¿½ï¿½ï¿½ï¿½ï¿½ï¿½ï¿½ï¿½ï¿½ï¿½ï¿½tudiant(e) de l'Ecole des Hautes Etudes Commerciale Kolea lance son sondage pour rï¿½ï¿½ï¿½ï¿½ï¿½ï¿½ï¿½ï¿½ï¿½ï¿½ï¿½ï¿½ï¿½ï¿½ï¿½ï¿½ï¿½ï¿½colter les avis de la communautï¿½ï¿½ï¿½ï¿½ï¿½ï¿½ï¿½ï¿½ï¿½ï¿½ï¿½ï¿½ï¿",False,O2A,QUESTIONNAIRE EN TENANT COMPTE DU CSP,French,odfje,"6/3/2021, 2:40:31 PM","6/3/2021, 7:30:22 PM","6/10/2021, 9:58:59 PM",Anonymized,Anonymized,Anonymized,Anonymized,"6/3/2021, 7:45:17 PM",acc39520-a643-46e6-82c6-f4fc13dced4e,Anonymized,1973,WILAYA D'ALGER,H,CELIBATAIRE,A_SON_COMPTE,BAC,3,,36.16301,3.7068644,False,True,Administrateur,C1,,,"OUIPresentSur RS,","UtilisePlus Facebook,UtilisePlus Instagram,UtilisePlus Twitter,,,,,",",Suivre Actualite ,,Consultation Page marque,",",,Moyennement Suivi Marque ,,","Oui Important,","samsung,lg,condor","condor,brandt,iris","Samsung,,,,LG,Brandt,,,,,",",NonJe ne connais pas Condor",",,,,",",",",,,,",",",,,
[Etude Universitaire] - Impact de la communication Digitale sur la marque ,"Sous le thï¿½ï¿"" La communication Digitale et son impact sur la notoriï¿½ï¿½ï¿½ï¿½ï¿½ï¿½ï¿½"" , un(e) ï¿½ï¿½ï¿½ï¿½ï¿½ï¿½ï¿½ï¿½ï¿½ï¿½ï¿½ï¿½ï¿½ï¿½ï¿½ï¿½ï¿½ï¿½tudiant(e) de l'Ecole des Hautes Etudes Commerciale Kolea lance son sondage pour rï¿½ï¿½ï¿½ï¿½ï¿½ï¿½ï¿½ï¿½ï¿½ï¿½ï¿½ï¿½ï¿½ï¿½ï¿½ï¿½ï¿½ï¿½colter les avis de la communautï¿½ï¿½ï¿½ï¿½ï¿½ï¿½ï¿½ï¿½ï¿½ï¿½ï¿½ï¿½ï¿",False,O2A,QUESTIONNAIRE EN TENANT COMPTE DU CSP,French,zicuf,"6/3/2021, 2:40:31 PM","6/3/2021, 7:30:22 PM","6/10/2021, 9:58:59 PM",Anonymized,Anonymized,Anonymized,Anonymized,"6/7/2021, 9:08:20 PM",6b3670f1-5ad8-4d3e-8a62-93e377b20caa,Anonymized,1994,WILAYA DE BORDJ BOU ARRERIDJ,H,CELIBATAIRE,A_SON_COMPTE,LICENCE,2,,36.083397,4.7661524,False,True,SANS EMPLOIE,E,36.083355,4.76623,"OUIPresentSur RS,",",UtilisePlus Instagram,,,,,,",",Suivre Actualite ,Decouverte Cultures,,",",,,Souvent Suivi Marque ,","Oui Important,","condor ,crostor,samsung","condor ,cristor,gï¿½ï¿½","Samsung,,,Condor,LG,Brandt,Iris,,Starlight,,","OUI je connais condor,","Affichage,,,Ami(e)s Famille Proche,",",Non JeNesuisPas Condor ",",,,,",",",,,
[Etude Universitaire] - Impact de la communication Digitale sur la marque ,"Sous le thï¿½ï¿"" La communication Digitale et son impact sur la notoriï¿½ï¿½ï¿½ï¿½ï¿½ï¿½ï¿½"" , un(e) ï¿½ï¿½ï¿½ï¿½ï¿½ï¿½ï¿½ï¿½ï¿½ï¿½ï¿½ï¿½ï¿½ï¿½ï¿½ï¿½ï¿½ï¿½tudiant(e) de l'Ecole des Hautes Etudes Commerciale Kolea lance son sondage pour rï¿½ï¿½ï¿½ï¿½ï¿½ï¿½ï¿½ï¿½ï¿½ï¿½ï¿½ï¿½ï¿½ï¿½ï¿½ï¿½ï¿½ï¿½colter les avis de la communautï¿½ï¿½ï¿½ï¿½ï¿½ï¿½ï¿½ï¿½ï¿½ï¿½ï¿½ï¿½ï¿",False,O2A,QUESTIONNAIRE EN TENANT COMPTE DU CSP,French,sydsk,"6/3/2021, 2:40:31 PM","6/3/2021, 7:30:22 PM","6/10/2021, 9:58:59 PM",Anonymized,Anonymized,Anonymized,Anonymized,"6/3/2021, 7:55:24 PM",786d53c4-62cb-434f-b352-ae840344c581,Anonymized,1986,WILAYA DE BOUIRA,F,MARIE,SALARIE,MASTER_INGENIEUR,3,,36.79401,2.9072635,False,False,Ingï¿½ï¿½ï¿½ï¿½ï¿½ï¿½ï¿,C2,,,"OUIPresentSur RS,","UtilisePlus Facebook,,,UtilisePlus Likendin,UtilisePlus Youtube,,,",",Suivre Actualite ,Decouverte Cultures,Consultation Page marque,",",,,,Tres Souvent Suivi Marque ","Oui Important,","IRIS ,condor,stream","IRIS ,condors,stream ","Samsung,Huawei,BEKO,Condor,LG,Brandt,Iris,Raylan,Starlight,Stream System,ENIEM","OUI je connais condor,",",,,,vendeur ï¿½ï¿½ï¿½ï¿½ï¿½ï¿","Oui je suis Condor,","Facebook,,,Linkedin,","Oui J ai decouvert,",climatiseur ,Trï¿½ï¿½ï¿½,tombola avec condition de partage 
[Etude Universitaire] - Impact de la communication Digitale sur la marque ,"Sous le thï¿½ï¿"" La communication Digitale et son impact sur la notoriï¿½ï¿½ï¿½ï¿½ï¿½ï¿½ï¿½"" , un(e) ï¿½ï¿½ï¿½ï¿½ï¿½ï¿½ï¿½ï¿½ï¿½ï¿½ï¿½ï¿½ï¿½ï¿½ï¿½ï¿½ï¿½ï¿½tudiant(e) de l'Ecole des Hautes Etudes Commerciale Kolea lance son sondage pour rï¿½ï¿½ï¿½ï¿½ï¿½ï¿½ï¿½ï¿½ï¿½ï¿½ï¿½ï¿½ï¿½ï¿½ï¿½ï¿½ï¿½ï¿½colter les avis de la communautï¿½ï¿½ï¿½ï¿½ï¿½ï¿½ï¿½ï¿½ï¿½ï¿½ï¿½ï¿½ï¿",False,O2A,QUESTIONNAIRE EN TENANT COMPTE DU CSP,French,btmfd,"6/3/2021, 2:40:31 PM","6/3/2021, 7:30:22 PM","6/10/2021, 9:58:59 PM",Anonymized,Anonymized,Anonymized,Anonymized,"6/3/2021, 7:37:59 PM",bde930b9-9080-465d-8ad1-964941235a12,Anonymized,1989,WILAYA DE TIZI OUZOU,H,MARIE,A_SON_COMPTE,MASTER_INGENIEUR,5,,36.743378,3.06842,False,False,Superviseur commercial des ventes,C2,36.743374,3.0675538,"OUIPresentSur RS,","UtilisePlus Facebook,UtilisePlus Instagram,,UtilisePlus Likendin,,,,","FaireConnaissance,Suivre Actualite ,Decouverte Cultures,Consultation Page marque,",",,Moyennement Suivi Marque ,,","Oui Important,","condor,iris,Samsung","condor,iris,stream","Samsung,Huawei,BEKO,Condor,LG,Brandt,Iris,Raylan,Starlight,Stream System,ENIEM","OUI je connais condor,","Affichage,TV,Reseaux Sociaux ,Ami(e)s Famille Proche,","Oui je suis Condor,","Facebook,,,,","Oui J ai decouvert,",smartphones,Moyenne,"promotions, concours"
[Etude Universitaire] - Impact de la communication Digitale sur la marque ,"Sous le thï¿½ï¿"" La communication Digitale et son impact sur la notoriï¿½ï¿½ï¿½ï¿½ï¿½ï¿½ï¿½"" , un(e) ï¿½ï¿½ï¿½ï¿½ï¿½ï¿½ï¿½ï¿½ï¿½ï¿½ï¿½ï¿½ï¿½ï¿½ï¿½ï¿½ï¿½ï¿½tudiant(e) de l'Ecole des Hautes Etudes Commerciale Kolea lance son sondage pour rï¿½ï¿½ï¿½ï¿½ï¿½ï¿½ï¿½ï¿½ï¿½ï¿½ï¿½ï¿½ï¿½ï¿½ï¿½ï¿½ï¿½ï¿½colter les avis de la communautï¿½ï¿½ï¿½ï¿½ï¿½ï¿½ï¿½ï¿½ï¿½ï¿½ï¿½ï¿½ï¿",False,O2A,QUESTIONNAIRE EN TENANT COMPTE DU CSP,French,hbpdd,"6/3/2021, 2:40:31 PM","6/3/2021, 7:30:22 PM","6/10/2021, 9:58:59 PM",Anonymized,Anonymized,Anonymized,Anonymized,"6/3/2021, 10:56:35 PM",b21f654b-d04d-4136-8243-cac4fd46cd70,Anonymized,1976,WILAYA D'ALGER,H,CELIBATAIRE,A_SON_COMPTE,FORMATION_PROF,5,,36.8039,7.7123094,False,True,AUTRE A PRECISER,E,,,"OUIPresentSur RS,",",,,,UtilisePlus Youtube,,,telegram",",,Decouverte Cultures,,",",,Moyennement Suivi Marque ,,","Oui Important,","samsong,lg,hwawi","enie,brandt,condor","Samsung,,,Condor,LG,Brandt,Iris,Raylan,Starlight,,ENIEM","OUI je connais condor,",",,Reseaux Sociaux ,Ami(e)s Famille Proche,",",Non JeNesuisPas Condor ",",,,,",",",,,publicitï¿½
[Etude Universitaire] - Impact de la communication Digitale sur la marque ,"Sous le thï¿½ï¿"" La communication Digitale et son impact sur la notoriï¿½ï¿½ï¿½ï¿½ï¿½ï¿½ï¿½"" , un(e) ï¿½ï¿½ï¿½ï¿½ï¿½ï¿½ï¿½ï¿½ï¿½ï¿½ï¿½ï¿½ï¿½ï¿½ï¿½ï¿½ï¿½ï¿½tudiant(e) de l'Ecole des Hautes Etudes Commerciale Kolea lance son sondage pour rï¿½ï¿½ï¿½ï¿½ï¿½ï¿½ï¿½ï¿½ï¿½ï¿½ï¿½ï¿½ï¿½ï¿½ï¿½ï¿½ï¿½ï¿½colter les avis de la communautï¿½ï¿½ï¿½ï¿½ï¿½ï¿½ï¿½ï¿½ï¿½ï¿½ï¿½ï¿½ï¿",False,O2A,QUESTIONNAIRE EN TENANT COMPTE DU CSP,French,yaxtm,"6/3/2021, 2:40:31 PM","6/3/2021, 7:30:22 PM","6/10/2021, 9:58:59 PM",Anonymized,Anonymized,Anonymized,Anonymized,"6/8/2021, 3:33:37 PM",b0798fc3-6987-4f79-bd66-27f687a66960,Anonymized,1998,JAWA BARAT,H,CELIBATAIRE,AU_FOYER,DOCTEUR,3,,36.640385,2.7578433,False,False,SANS EMPLOIE,E,36.64816,2.76009,"OUIPresentSur RS,",",UtilisePlus Instagram,,UtilisePlus Likendin,UtilisePlus Youtube,,,",",,Decouverte Cultures,Consultation Page marque,",",Rarement Suivi Marque ,,,","Oui Important,","samsung ,showme,iphone","eniam,Condor ,i dont know","Samsung,Huawei,,Condor,LG,,Iris,,Starlight,Stream System,","OUI je connais condor,",",TV,,,",",Non JeNesuisPas Condor ",",,,,",",",,,they must develope the technologies is old 
[Etude Universitaire] - Impact de la communication Digitale sur la marque ,"Sous le thï¿½ï¿"" La communication Digitale et son impact sur la notoriï¿½ï¿½ï¿½ï¿½ï¿½ï¿½ï¿½"" , un(e) ï¿½ï¿½ï¿½ï¿½ï¿½ï¿½ï¿½ï¿½ï¿½ï¿½ï¿½ï¿½ï¿½ï¿½ï¿½ï¿½ï¿½ï¿½tudiant(e) de l'Ecole des Hautes Etudes Commerciale Kolea lance son sondage pour rï¿½ï¿½ï¿½ï¿½ï¿½ï¿½ï¿½ï¿½ï¿½ï¿½ï¿½ï¿½ï¿½ï¿½ï¿½ï¿½ï¿½ï¿½colter les avis de la communautï¿½ï¿½ï¿½ï¿½ï¿½ï¿½ï¿½ï¿½ï¿½ï¿½ï¿½ï¿½ï¿",False,O2A,QUESTIONNAIRE EN TENANT COMPTE DU CSP,French,rxttk,"6/3/2021, 2:40:31 PM","6/3/2021, 7:30:22 PM","6/10/2021, 9:58:59 PM",Anonymized,Anonymized,Anonymized,Anonymized,"6/3/2021, 8:49:59 PM",9e13a264-cc9e-47a1-a53d-412f72672fd9,Anonymized,1988,WILAYA DE Sï¿½ï¿,H,CELIBATAIRE,SALARIE,BAC,1,,35.0926,-0.8277633,False,True,SANS EMPLOIE,E,35.092945,-0.8274657,"OUIPresentSur RS,","UtilisePlus Facebook,UtilisePlus Instagram,,,UtilisePlus Youtube,,,","FaireConnaissance,,Decouverte Cultures,Consultation Page marque,","Jamais Suivi Marque ,,,,","Oui Important,","smartphone,tablette,tv","condor,starlight,iris","Samsung,Huawei,,Condor,,,Iris,,Starlight,Stream System,","OUI je connais condor,",",TV,,,","Oui je suis Condor,","Facebook,,,,","Oui J ai decouvert,",smartphone,Forte ,
[Etude Universitaire] - Impact de la communication Digitale sur la marque ,"Sous le thï¿½ï¿"" La communication Digitale et son impact sur la notoriï¿½ï¿½ï¿½ï¿½ï¿½ï¿½ï¿½"" , un(e) ï¿½ï¿½ï¿½ï¿½ï¿½ï¿½ï¿½ï¿½ï¿½ï¿½ï¿½ï¿½ï¿½ï¿½ï¿½ï¿½ï¿½ï¿½tudiant(e) de l'Ecole des Hautes Etudes Commerciale Kolea lance son sondage pour rï¿½ï¿½ï¿½ï¿½ï¿½ï¿½ï¿½ï¿½ï¿½ï¿½ï¿½ï¿½ï¿½ï¿½ï¿½ï¿½ï¿½ï¿½colter les avis de la communautï¿½ï¿½ï¿½ï¿½ï¿½ï¿½ï¿½ï¿½ï¿½ï¿½ï¿½ï¿½ï¿",False,O2A,QUESTIONNAIRE EN TENANT COMPTE DU CSP,French,kqqhx,"6/3/2021, 2:40:31 PM","6/3/2021, 7:30:22 PM","6/10/2021, 9:58:59 PM",Anonymized,Anonymized,Anonymized,Anonymized,"6/3/2021, 8:55:55 PM",634820d0-0b9b-4d1f-80ad-9522c023781f,Anonymized,1988,WILAYA DE TIZI OUZOU,F,MARIE,AU_FOYER,FORMATION_PROF,3,,34.890438,-1.3382638,False,True,SANS EMPLOIE,E,,,"OUIPresentSur RS,","UtilisePlus Facebook,,,,,,,",",Suivre Actualite ,,Consultation Page marque,",",,,Souvent Suivi Marque ,","Oui Important,","brand,condor,LG","condor ,unie,Gï¿½ï¿","Samsung,,,Condor,LG,Brandt,Iris,Raylan,,,","OUI je connais condor,",",TV,Reseaux Sociaux ,,",",Non JeNesuisPas Condor ",",,,,",",",,,
[Etude Universitaire] - Impact de la communication Digitale sur la marque ,"Sous le thï¿½ï¿"" La communication Digitale et son impact sur la notoriï¿½ï¿½ï¿½ï¿½ï¿½ï¿½ï¿½"" , un(e) ï¿½ï¿½ï¿½ï¿½ï¿½ï¿½ï¿½ï¿½ï¿½ï¿½ï¿½ï¿½ï¿½ï¿½ï¿½ï¿½ï¿½ï¿½tudiant(e) de l'Ecole des Hautes Etudes Commerciale Kolea lance son sondage pour rï¿½ï¿½ï¿½ï¿½ï¿½ï¿½ï¿½ï¿½ï¿½ï¿½ï¿½ï¿½ï¿½ï¿½ï¿½ï¿½ï¿½ï¿½colter les avis de la communautï¿½ï¿½ï¿½ï¿½ï¿½ï¿½ï¿½ï¿½ï¿½ï¿½ï¿½ï¿½ï¿",False,O2A,QUESTIONNAIRE EN TENANT COMPTE DU CSP,French,eqfso,"6/3/2021, 2:40:31 PM","6/3/2021, 7:30:22 PM","6/10/2021, 9:58:59 PM",Anonymized,Anonymized,Anonymized,Anonymized,"6/7/2021, 9:06:58 PM",4512417a-4b79-4d03-a7be-9c76436e809d,Anonymized,1969,ALGIERS PROVINCE,H,MARIE,SALARIE,BAC,4,,36.206306,5.4172945,False,True,Directeur de centre d'affaires en banque,B,36.206326,5.417374,"OUIPresentSur RS,",",,,,UtilisePlus Youtube,,,","FaireConnaissance,Suivre Actualite ,,,",",Rarement Suivi Marque ,,,","Oui Important,","Samsung ,LG,Iris","Iris,      ,    ","Samsung,Huawei,BEKO,Condor,LG,Brandt,Iris,,,,","OUI je connais condor,","Affichage,,,,",",Non JeNesuisPas Condor ",",,,,",",",,,faire des partenariats avec l'ï¿½ï¿½ï¿½ï¿½ï¿½ï¿½ï¿½ï¿½ï¿½ï¿
[Etude Universitaire] - Impact de la communication Digitale sur la marque ,"Sous le thï¿½ï¿"" La communication Digitale et son impact sur la notoriï¿½ï¿½ï¿½ï¿½ï¿½ï¿½ï¿½"" , un(e) ï¿½ï¿½ï¿½ï¿½ï¿½ï¿½ï¿½ï¿½ï¿½ï¿½ï¿½ï¿½ï¿½ï¿½ï¿½ï¿½ï¿½ï¿½tudiant(e) de l'Ecole des Hautes Etudes Commerciale Kolea lance son sondage pour rï¿½ï¿½ï¿½ï¿½ï¿½ï¿½ï¿½ï¿½ï¿½ï¿½ï¿½ï¿½ï¿½ï¿½ï¿½ï¿½ï¿½ï¿½colter les avis de la communautï¿½ï¿½ï¿½ï¿½ï¿½ï¿½ï¿½ï¿½ï¿½ï¿½ï¿½ï¿½ï¿",False,O2A,QUESTIONNAIRE EN TENANT COMPTE DU CSP,French,ukzby,"6/3/2021, 2:40:31 PM","6/3/2021, 7:30:22 PM","6/10/2021, 9:58:59 PM",Anonymized,Anonymized,Anonymized,Anonymized,"6/5/2021, 3:56:50 PM",c7f0162b-51e4-464c-96dd-689f5e7720e5,Anonymized,1996,ORAN PROVINCE,H,CELIBATAIRE,AU_FOYER,MASTER_INGENIEUR,1,,36.63159,2.778448,False,True,SANS EMPLOIE,E,36.638855,2.7849834,"OUIPresentSur RS,",",UtilisePlus Instagram,,,,,,","FaireConnaissance,Suivre Actualite ,,Consultation Page marque,",",,Moyennement Suivi Marque ,,","Oui Important,","iris,condor,lg","iris,beko,condor","Samsung,Huawei,BEKO,Condor,LG,Brandt,Iris,Raylan,,,","OUI je connais condor,","Affichage,TV,Reseaux Sociaux ,Ami(e)s Famille Proche,","Oui je suis Condor,","Facebook,,Instagram,Linkedin,Youtube","Oui J ai decouvert,",blender,Faible ,arreter les claches dans les commentaires 
[Etude Universitaire] - Impact de la communication Digitale sur la marque ,"Sous le thï¿½ï¿"" La communication Digitale et son impact sur la notoriï¿½ï¿½ï¿½ï¿½ï¿½ï¿½ï¿½"" , un(e) ï¿½ï¿½ï¿½ï¿½ï¿½ï¿½ï¿½ï¿½ï¿½ï¿½ï¿½ï¿½ï¿½ï¿½ï¿½ï¿½ï¿½ï¿½tudiant(e) de l'Ecole des Hautes Etudes Commerciale Kolea lance son sondage pour rï¿½ï¿½ï¿½ï¿½ï¿½ï¿½ï¿½ï¿½ï¿½ï¿½ï¿½ï¿½ï¿½ï¿½ï¿½ï¿½ï¿½ï¿½colter les avis de la communautï¿½ï¿½ï¿½ï¿½ï¿½ï¿½ï¿½ï¿½ï¿½ï¿½ï¿½ï¿½ï¿",False,O2A,QUESTIONNAIRE EN TENANT COMPTE DU CSP,French,azbek,"6/3/2021, 2:40:31 PM","6/3/2021, 7:30:22 PM","6/10/2021, 9:58:59 PM",Anonymized,Anonymized,Anonymized,Anonymized,"6/3/2021, 9:52:12 PM",79700ad7-d447-4c70-b84a-bfff704d83ac,Anonymized,1984,Mï¿½ï¿½ï¿½ï¿½ï¿½,H,MARIE,ETUDIANT,LICENCE,1,,34.89331,-1.3313551,False,False,Enseignant-chercheur,C1,34.89329,-1.3313266,"OUIPresentSur RS,","UtilisePlus Facebook,,,,,,,",",Suivre Actualite ,,,",",,Moyennement Suivi Marque ,,","Oui Important,","lg,Samsung ,beco","enie,condor,starlight","Samsung,Huawei,BEKO,Condor,LG,Brandt,Iris,Raylan,Starlight,,ENIEM","OUI je connais condor,",",,,Ami(e)s Famille Proche,",",Non JeNesuisPas Condor ",",,,,",",",,,
[Etude Universitaire] - Impact de la communication Digitale sur la marque ,"Sous le thï¿½ï¿"" La communication Digitale et son impact sur la notoriï¿½ï¿½ï¿½ï¿½ï¿½ï¿½ï¿½"" , un(e) ï¿½ï¿½ï¿½ï¿½ï¿½ï¿½ï¿½ï¿½ï¿½ï¿½ï¿½ï¿½ï¿½ï¿½ï¿½ï¿½ï¿½ï¿½tudiant(e) de l'Ecole des Hautes Etudes Commerciale Kolea lance son sondage pour rï¿½ï¿½ï¿½ï¿½ï¿½ï¿½ï¿½ï¿½ï¿½ï¿½ï¿½ï¿½ï¿½ï¿½ï¿½ï¿½ï¿½ï¿½colter les avis de la communautï¿½ï¿½ï¿½ï¿½ï¿½ï¿½ï¿½ï¿½ï¿½ï¿½ï¿½ï¿½ï¿",False,O2A,QUESTIONNAIRE EN TENANT COMPTE DU CSP,French,qmziq,"6/3/2021, 2:40:31 PM","6/3/2021, 7:30:22 PM","6/10/2021, 9:58:59 PM",Anonymized,Anonymized,Anonymized,Anonymized,"6/3/2021, 7:48:31 PM",c251d542-5965-4dab-917b-b3c84d13a77f,Anonymized,1996,ANNABA PROVINCE,H,CELIBATAIRE,A_SON_COMPTE,LICENCE,1,,36.010197,4.7272677,False,True,SANS EMPLOIE,E,36.63865,2.7861683,"OUIPresentSur RS,","UtilisePlus Facebook,UtilisePlus Instagram,,,UtilisePlus Youtube,,,","FaireConnaissance,Suivre Actualite ,Decouverte Cultures,Consultation Page marque,",",,Moyennement Suivi Marque ,,","Oui Important,","Samsung ,LG,condor","condor,iris,brandt","Samsung,Huawei,BEKO,Condor,LG,Brandt,Iris,Raylan,Starlight,Stream System,ENIEM","OUI je connais condor,","Affichage,TV,Reseaux Sociaux ,Ami(e)s Famille Proche,","Oui je suis Condor,","Facebook,,Instagram,,","Oui J ai decouvert,",mobile allure,Forte ,
[Etude Universitaire] - Impact de la communication Digitale sur la marque ,"Sous le thï¿½ï¿"" La communication Digitale et son impact sur la notoriï¿½ï¿½ï¿½ï¿½ï¿½ï¿½ï¿½"" , un(e) ï¿½ï¿½ï¿½ï¿½ï¿½ï¿½ï¿½ï¿½ï¿½ï¿½ï¿½ï¿½ï¿½ï¿½ï¿½ï¿½ï¿½ï¿½tudiant(e) de l'Ecole des Hautes Etudes Commerciale Kolea lance son sondage pour rï¿½ï¿½ï¿½ï¿½ï¿½ï¿½ï¿½ï¿½ï¿½ï¿½ï¿½ï¿½ï¿½ï¿½ï¿½ï¿½ï¿½ï¿½colter les avis de la communautï¿½ï¿½ï¿½ï¿½ï¿½ï¿½ï¿½ï¿½ï¿½ï¿½ï¿½ï¿½ï¿",False,O2A,QUESTIONNAIRE EN TENANT COMPTE DU CSP,French,rhmfi,"6/3/2021, 2:40:31 PM","6/3/2021, 7:30:22 PM","6/10/2021, 9:58:59 PM",Anonymized,Anonymized,Anonymized,Anonymized,"6/8/2021, 3:14:48 AM",196c04e9-e146-45e4-9934-fdd7cfceaf49,Anonymized,1984,WILAYA D'OUM EL BOUAGHI,F,CELIBATAIRE,AU_FOYER,MASTER_INGENIEUR,1,,36.730064,3.9628458,False,True,Web marketeur,C1,36.72815,3.9606473,"OUIPresentSur RS,","UtilisePlus Facebook,,,UtilisePlus Likendin,,,,","FaireConnaissance,Suivre Actualite ,,,",",,Moyennement Suivi Marque ,,","Oui Important,","lg,salsung,mac","condor,brandt,eniem","Samsung,Huawei,,Condor,,,,,,,","OUI je connais condor,","Affichage,TV,,,",",Non JeNesuisPas Condor ",",,,,",",",,,ýýtre ce qu'elle prýýtend etre
[Etude Universitaire] - Impact de la communication Digitale sur la marque ,"Sous le thï¿½ï¿"" La communication Digitale et son impact sur la notoriï¿½ï¿½ï¿½ï¿½ï¿½ï¿½ï¿½"" , un(e) ï¿½ï¿½ï¿½ï¿½ï¿½ï¿½ï¿½ï¿½ï¿½ï¿½ï¿½ï¿½ï¿½ï¿½ï¿½ï¿½ï¿½ï¿½tudiant(e) de l'Ecole des Hautes Etudes Commerciale Kolea lance son sondage pour rï¿½ï¿½ï¿½ï¿½ï¿½ï¿½ï¿½ï¿½ï¿½ï¿½ï¿½ï¿½ï¿½ï¿½ï¿½ï¿½ï¿½ï¿½colter les avis de la communautï¿½ï¿½ï¿½ï¿½ï¿½ï¿½ï¿½ï¿½ï¿½ï¿½ï¿½ï¿½ï¿",False,O2A,QUESTIONNAIRE EN TENANT COMPTE DU CSP,French,ardyo,"6/3/2021, 2:40:31 PM","6/3/2021, 7:30:22 PM","6/10/2021, 9:58:59 PM",Anonymized,Anonymized,Anonymized,Anonymized,"6/3/2021, 9:14:52 PM",6e4b0fd7-028c-4a5d-8481-1ea8afb48c10,Anonymized,1989,WILAYA DE TLEMCEN,H,MARIE,SALARIE,FORMATION_PROF,1,,34.88181,-1.3365158,False,True,Adjoint  comptable,D,34.88182,-1.3365387,"OUIPresentSur RS,","UtilisePlus Facebook,UtilisePlus Instagram,,,UtilisePlus Youtube,,,","FaireConnaissance,,Decouverte Cultures,Consultation Page marque,",",,Moyennement Suivi Marque ,,","Oui Important,","lg,samsung,sony","iris,geant,condor","Samsung,Huawei,BEKO,Condor,LG,Brandt,Iris,Raylan,Starlight,Stream System,ENIEM","OUI je connais condor,","Affichage,,,,","Oui je suis Condor,","Facebook,,,,","Oui J ai decouvert,",four,Faible ,
[Etude Universitaire] - Impact de la communication Digitale sur la marque ,"Sous le thï¿½ï¿"" La communication Digitale et son impact sur la notoriï¿½ï¿½ï¿½ï¿½ï¿½ï¿½ï¿½"" , un(e) ï¿½ï¿½ï¿½ï¿½ï¿½ï¿½ï¿½ï¿½ï¿½ï¿½ï¿½ï¿½ï¿½ï¿½ï¿½ï¿½ï¿½ï¿½tudiant(e) de l'Ecole des Hautes Etudes Commerciale Kolea lance son sondage pour rï¿½ï¿½ï¿½ï¿½ï¿½ï¿½ï¿½ï¿½ï¿½ï¿½ï¿½ï¿½ï¿½ï¿½ï¿½ï¿½ï¿½ï¿½colter les avis de la communautï¿½ï¿½ï¿½ï¿½ï¿½ï¿½ï¿½ï¿½ï¿½ï¿½ï¿½ï¿½ï¿",False,O2A,QUESTIONNAIRE EN TENANT COMPTE DU CSP,French,asqru,"6/3/2021, 2:40:31 PM","6/3/2021, 7:30:22 PM","6/10/2021, 9:58:59 PM",Anonymized,Anonymized,Anonymized,Anonymized,"6/7/2021, 9:34:21 PM",1c852e60-6d66-4472-8a3c-a1b1b2509eab,Anonymized,1976,WILAYA D'ALGER,F,CELIBATAIRE,A_SON_COMPTE,BAC,5,,36.772087,3.0514958,False,True,Assistant d'ingï¿½ï¿½ï,C2,36.77208,3.051545,"OUIPresentSur RS,","UtilisePlus Facebook,,,,UtilisePlus Youtube,,,","FaireConnaissance,Suivre Actualite ,Decouverte Cultures,Consultation Page marque,",",,Moyennement Suivi Marque ,,","Oui Important,","Samsung,Brandt,Condor","Condor,Eniem,Enie","Samsung,Huawei,,,LG,Brandt,Iris,,,,ENIEM","OUI je connais condor,","Affichage,TV,Reseaux Sociaux ,Ami(e)s Famille Proche,",",Non JeNesuisPas Condor ",",,,,",",",,,
[Etude Universitaire] - Impact de la communication Digitale sur la marque ,"Sous le thï¿½ï¿"" La communication Digitale et son impact sur la notoriï¿½ï¿½ï¿½ï¿½ï¿½ï¿½ï¿½"" , un(e) ï¿½ï¿½ï¿½ï¿½ï¿½ï¿½ï¿½ï¿½ï¿½ï¿½ï¿½ï¿½ï¿½ï¿½ï¿½ï¿½ï¿½ï¿½tudiant(e) de l'Ecole des Hautes Etudes Commerciale Kolea lance son sondage pour rï¿½ï¿½ï¿½ï¿½ï¿½ï¿½ï¿½ï¿½ï¿½ï¿½ï¿½ï¿½ï¿½ï¿½ï¿½ï¿½ï¿½ï¿½colter les avis de la communautï¿½ï¿½ï¿½ï¿½ï¿½ï¿½ï¿½ï¿½ï¿½ï¿½ï¿½ï¿½ï¿",False,O2A,QUESTIONNAIRE EN TENANT COMPTE DU CSP,French,qrzuf,"6/3/2021, 2:40:31 PM","6/3/2021, 7:30:22 PM","6/10/2021, 9:58:59 PM",Anonymized,Anonymized,Anonymized,Anonymized,"6/6/2021, 12:16:39 AM",2548f932-8d7a-4578-9ff1-1186c4d39846,Anonymized,1976,WILAYA DE TIZI OUZOU,H,MARIE,ETUDIANT,FORMATION_PROF,1,,36.73256,5.0522146,False,True,Agent de gestion comptable,D,36.73257,5.0522475,"OUIPresentSur RS,",",UtilisePlus Instagram,,,UtilisePlus Youtube,,UtilisePlus Snapchat,",",Suivre Actualite ,Decouverte Cultures,Consultation Page marque,",",,Moyennement Suivi Marque ,,","Oui Important,","Lg,brund,samsung","condor,uniem,starlignt","Samsung,Huawei,,Condor,LG,Brandt,Iris,,Starlight,,ENIEM","OUI je connais condor,","Affichage,TV,,Ami(e)s Famille Proche,internet",",Non JeNesuisPas Condor ",",,,,",",",,,non rien
[Etude Universitaire] - Impact de la communication Digitale sur la marque ,"Sous le thï¿½ï¿"" La communication Digitale et son impact sur la notoriï¿½ï¿½ï¿½ï¿½ï¿½ï¿½ï¿½"" , un(e) ï¿½ï¿½ï¿½ï¿½ï¿½ï¿½ï¿½ï¿½ï¿½ï¿½ï¿½ï¿½ï¿½ï¿½ï¿½ï¿½ï¿½ï¿½tudiant(e) de l'Ecole des Hautes Etudes Commerciale Kolea lance son sondage pour rï¿½ï¿½ï¿½ï¿½ï¿½ï¿½ï¿½ï¿½ï¿½ï¿½ï¿½ï¿½ï¿½ï¿½ï¿½ï¿½ï¿½ï¿½colter les avis de la communautï¿½ï¿½ï¿½ï¿½ï¿½ï¿½ï¿½ï¿½ï¿½ï¿½ï¿½ï¿½ï¿",False,O2A,QUESTIONNAIRE EN TENANT COMPTE DU CSP,French,dozrw,"6/3/2021, 2:40:31 PM","6/3/2021, 7:30:22 PM","6/10/2021, 9:58:59 PM",Anonymized,Anonymized,Anonymized,Anonymized,"6/3/2021, 8:15:06 PM",66d6c8ea-cb71-468d-85b0-fb035d27fe45,Anonymized,1983,WILAYA D'ALGER,H,MARIE,ETUDIANT,FORMATION_PROF,1,,35.196224,-0.6354865,False,False,Biologiste mï¿½ï¿½ï,C1,,,"OUIPresentSur RS,","UtilisePlus Facebook,,,,UtilisePlus Youtube,UtilisePlus Tiktok,,",",Suivre Actualite ,Decouverte Cultures,Consultation Page marque,",",,,,Tres Souvent Suivi Marque ","Oui Important,","Bosch ,Moulinex ,Samsung ","eniem ,eniem,eniem","Samsung,Huawei,BEKO,Condor,LG,Brandt,Iris,Raylan,Starlight,,ENIEM","OUI je connais condor,",",TV,,,","Oui je suis Condor,",",,,,Youtube","Oui J ai decouvert,",frigidaire ,Trï¿½ï¿½ï¿½,non 
[Etude Universitaire] - Impact de la communication Digitale sur la marque ,"Sous le thï¿½ï¿"" La communication Digitale et son impact sur la notoriï¿½ï¿½ï¿½ï¿½ï¿½ï¿½ï¿½"" , un(e) ï¿½ï¿½ï¿½ï¿½ï¿½ï¿½ï¿½ï¿½ï¿½ï¿½ï¿½ï¿½ï¿½ï¿½ï¿½ï¿½ï¿½ï¿½tudiant(e) de l'Ecole des Hautes Etudes Commerciale Kolea lance son sondage pour rï¿½ï¿½ï¿½ï¿½ï¿½ï¿½ï¿½ï¿½ï¿½ï¿½ï¿½ï¿½ï¿½ï¿½ï¿½ï¿½ï¿½ï¿½colter les avis de la communautï¿½ï¿½ï¿½ï¿½ï¿½ï¿½ï¿½ï¿½ï¿½ï¿½ï¿½ï¿½ï¿",False,O2A,QUESTIONNAIRE EN TENANT COMPTE DU CSP,French,ivzox,"6/3/2021, 2:40:31 PM","6/3/2021, 7:30:22 PM","6/10/2021, 9:58:59 PM",Anonymized,Anonymized,Anonymized,Anonymized,"6/6/2021, 2:21:45 PM",0d564792-0274-4aa6-8a24-02e5480a203d,Anonymized,1988,WILAYA DE CONSTANTINE,H,MARIE,ETUDIANT,MASTER_INGENIEUR,5,,35.22414,-0.6326048,False,True,Directeur Gï¿½ï¿½ï¿½,A,35.220245,-0.6318172,"OUIPresentSur RS,",",UtilisePlus Instagram,,,,,,",",,Decouverte Cultures,Consultation Page marque,",",Rarement Suivi Marque ,,,","Oui Important,","apple,Samsung,xiomi","iris,condor,enie","Samsung,Huawei,BEKO,Condor,LG,Brandt,Iris,,Starlight,Stream System,ENIEM","OUI je connais condor,","Affichage,TV,,,",",Non JeNesuisPas Condor ",",,,,",",",,,
[Etude Universitaire] - Impact de la communication Digitale sur la marque ,"Sous le thï¿½ï¿"" La communication Digitale et son impact sur la notoriï¿½ï¿½ï¿½ï¿½ï¿½ï¿½ï¿½"" , un(e) ï¿½ï¿½ï¿½ï¿½ï¿½ï¿½ï¿½ï¿½ï¿½ï¿½ï¿½ï¿½ï¿½ï¿½ï¿½ï¿½ï¿½ï¿½tudiant(e) de l'Ecole des Hautes Etudes Commerciale Kolea lance son sondage pour rï¿½ï¿½ï¿½ï¿½ï¿½ï¿½ï¿½ï¿½ï¿½ï¿½ï¿½ï¿½ï¿½ï¿½ï¿½ï¿½ï¿½ï¿½colter les avis de la communautï¿½ï¿½ï¿½ï¿½ï¿½ï¿½ï¿½ï¿½ï¿½ï¿½ï¿½ï¿½ï¿",False,O2A,QUESTIONNAIRE EN TENANT COMPTE DU CSP,French,niqdm,"6/3/2021, 2:40:31 PM","6/3/2021, 7:30:22 PM","6/10/2021, 9:58:59 PM",Anonymized,Anonymized,Anonymized,Anonymized,"6/3/2021, 8:17:16 PM",1ecfa5ec-19e3-4664-837f-7623b31ae58d,Anonymized,1985,WILAYA DE BLIDA,H,MARIE,AU_FOYER,BAC,4,,35.035988,-1.7674257,False,True,Inspecteur principal en assurances,C1,34.869503,-1.3597343,"OUIPresentSur RS,","UtilisePlus Facebook,UtilisePlus Instagram,,UtilisePlus Likendin,,,,","FaireConnaissance,,,Consultation Page marque,",",,Moyennement Suivi Marque ,,","Oui Important,","lg,bosch,simense","condor,iris,gean","Samsung,Huawei,BEKO,Condor,LG,Brandt,Iris,Raylan,Starlight,Stream System,ENIEM","OUI je connais condor,","Affichage,,,,",",Non JeNesuisPas Condor ",",,,,",",",,,amï¿½ï¿½ï¿½ï¿½ï¿½ï¿½ï¿½ï¿½ï¿½ï¿½ï¿½ï¿½ï¿½ï¿½ï¿½ï¿½ï¿½ï¿½liorï¿½ï¿½ï¿½ï¿½ï¿½ï¿½ï¿½ï¿½ï¿½ï¿½ï¿½ï¿½ï¿½ï¿½ï¿½ï¿½ï¿½ï
[Etude Universitaire] - Impact de la communication Digitale sur la marque ,"Sous le thï¿½ï¿"" La communication Digitale et son impact sur la notoriï¿½ï¿½ï¿½ï¿½ï¿½ï¿½ï¿½"" , un(e) ï¿½ï¿½ï¿½ï¿½ï¿½ï¿½ï¿½ï¿½ï¿½ï¿½ï¿½ï¿½ï¿½ï¿½ï¿½ï¿½ï¿½ï¿½tudiant(e) de l'Ecole des Hautes Etudes Commerciale Kolea lance son sondage pour rï¿½ï¿½ï¿½ï¿½ï¿½ï¿½ï¿½ï¿½ï¿½ï¿½ï¿½ï¿½ï¿½ï¿½ï¿½ï¿½ï¿½ï¿½colter les avis de la communautï¿½ï¿½ï¿½ï¿½ï¿½ï¿½ï¿½ï¿½ï¿½ï¿½ï¿½ï¿½ï¿",False,O2A,QUESTIONNAIRE EN TENANT COMPTE DU CSP,French,rzpri,"6/3/2021, 2:40:31 PM","6/3/2021, 7:30:22 PM","6/10/2021, 9:58:59 PM",Anonymized,Anonymized,Anonymized,Anonymized,"6/3/2021, 8:12:25 PM",dd15ffc3-eb0c-44d2-9258-57e90790be2f,Anonymized,2000,WILAYA DE TLEMCEN,H,MARIE,ETUDIANT,FORMATION_PROF,1,,36.76798,2.9717872,False,True,Auditeur comptable et financier,C2,,,"OUIPresentSur RS,","UtilisePlus Facebook,UtilisePlus Instagram,,UtilisePlus Likendin,,,,",",Suivre Actualite ,,Consultation Page marque,",",,Moyennement Suivi Marque ,,","Oui Important,","condor ,iris,brandt","condor,iris,Brandt ","Samsung,Huawei,BEKO,Condor,LG,Brandt,Iris,Raylan,Starlight,Stream System,ENIEM","OUI je connais condor,",",TV,,,",",Non JeNesuisPas Condor ",",,,,",",",,,parler sur la qualitï¿½ï¿½ï¿½ï¿½ï¿½ï¿½ï¿½ï
[Etude Universitaire] - Impact de la communication Digitale sur la marque ,"Sous le thï¿½ï¿"" La communication Digitale et son impact sur la notoriï¿½ï¿½ï¿½ï¿½ï¿½ï¿½ï¿½"" , un(e) ï¿½ï¿½ï¿½ï¿½ï¿½ï¿½ï¿½ï¿½ï¿½ï¿½ï¿½ï¿½ï¿½ï¿½ï¿½ï¿½ï¿½ï¿½tudiant(e) de l'Ecole des Hautes Etudes Commerciale Kolea lance son sondage pour rï¿½ï¿½ï¿½ï¿½ï¿½ï¿½ï¿½ï¿½ï¿½ï¿½ï¿½ï¿½ï¿½ï¿½ï¿½ï¿½ï¿½ï¿½colter les avis de la communautï¿½ï¿½ï¿½ï¿½ï¿½ï¿½ï¿½ï¿½ï¿½ï¿½ï¿½ï¿½ï¿",False,O2A,QUESTIONNAIRE EN TENANT COMPTE DU CSP,French,qtzxr,"6/3/2021, 2:40:31 PM","6/3/2021, 7:30:22 PM","6/10/2021, 9:58:59 PM",Anonymized,Anonymized,Anonymized,Anonymized,"6/3/2021, 7:35:27 PM",f2b3c51e-22b1-49c8-a437-65ffa0b2120b,Anonymized,1966,WILAYA D'ALGER,F,CELIBATAIRE,SALARIE,MASTER_INGENIEUR,5,,36.25347,6.71901,False,True,AUTRE A PRECISER,E,36.25345,6.7189946,"OUIPresentSur RS,","UtilisePlus Facebook,,,,UtilisePlus Youtube,,,","FaireConnaissance,Suivre Actualite ,Decouverte Cultures,,",",,Moyennement Suivi Marque ,,","Oui Important,","LB,panasonic,Geant","Condor,Iris,ENIEM","Samsung,Huawei,BEKO,Condor,LG,Brandt,Iris,,Starlight,Stream System,ENIEM","OUI je connais condor,","Affichage,TV,Reseaux Sociaux ,Ami(e)s Famille Proche,",",Non JeNesuisPas Condor ",",,,,",",",,,
[Etude Universitaire] - Impact de la communication Digitale sur la marque ,"Sous le thï¿½ï¿"" La communication Digitale et son impact sur la notoriï¿½ï¿½ï¿½ï¿½ï¿½ï¿½ï¿½"" , un(e) ï¿½ï¿½ï¿½ï¿½ï¿½ï¿½ï¿½ï¿½ï¿½ï¿½ï¿½ï¿½ï¿½ï¿½ï¿½ï¿½ï¿½ï¿½tudiant(e) de l'Ecole des Hautes Etudes Commerciale Kolea lance son sondage pour rï¿½ï¿½ï¿½ï¿½ï¿½ï¿½ï¿½ï¿½ï¿½ï¿½ï¿½ï¿½ï¿½ï¿½ï¿½ï¿½ï¿½ï¿½colter les avis de la communautï¿½ï¿½ï¿½ï¿½ï¿½ï¿½ï¿½ï¿½ï¿½ï¿½ï¿½ï¿½ï¿",False,O2A,QUESTIONNAIRE EN TENANT COMPTE DU CSP,French,ompai,"6/3/2021, 2:40:31 PM","6/3/2021, 7:30:22 PM","6/10/2021, 9:58:59 PM",Anonymized,Anonymized,Anonymized,Anonymized,"6/7/2021, 10:04:41 PM",2ed761d8-2673-4835-9590-e197a94916fe,Anonymized,1987,ALGIERS,H,CELIBATAIRE,AU_FOYER,MASTER_INGENIEUR,2,,34.757984,-0.9634383,False,True,Gardien / Gardienne des parcs et jardins,C2,34.72324,-0.9517565,",NONPresentSur RS",",,,,,,,",",,,,",",,,,",",","condor,iris,LG","condor,iris,LG",",,,Condor,LG,,Iris,,,,","OUI je connais condor,",",TV,,,",",Non JeNesuisPas Condor ",",,,,",",",,,service apres vente indesirable
[Etude Universitaire] - Impact de la communication Digitale sur la marque ,"Sous le thï¿½ï¿"" La communication Digitale et son impact sur la notoriï¿½ï¿½ï¿½ï¿½ï¿½ï¿½ï¿½"" , un(e) ï¿½ï¿½ï¿½ï¿½ï¿½ï¿½ï¿½ï¿½ï¿½ï¿½ï¿½ï¿½ï¿½ï¿½ï¿½ï¿½ï¿½ï¿½tudiant(e) de l'Ecole des Hautes Etudes Commerciale Kolea lance son sondage pour rï¿½ï¿½ï¿½ï¿½ï¿½ï¿½ï¿½ï¿½ï¿½ï¿½ï¿½ï¿½ï¿½ï¿½ï¿½ï¿½ï¿½ï¿½colter les avis de la communautï¿½ï¿½ï¿½ï¿½ï¿½ï¿½ï¿½ï¿½ï¿½ï¿½ï¿½ï¿½ï¿",False,O2A,QUESTIONNAIRE EN TENANT COMPTE DU CSP,French,dygct,"6/3/2021, 2:40:31 PM","6/3/2021, 7:30:22 PM","6/10/2021, 9:58:59 PM",Anonymized,Anonymized,Anonymized,Anonymized,"6/3/2021, 7:34:38 PM",453ed734-c9ff-44fa-bbe6-510bbb8193bb,Anonymized,1977,WILAYA D'ALGER,H,MARIE,ETUDIANT,BAC,5,,36.73533,3.081045,False,True,Conseiller Diplomatique,B,36.699253,3.046327,"OUIPresentSur RS,",",,UtilisePlus Twitter,,,,,",",Suivre Actualite ,,,",",Rarement Suivi Marque ,,,","Oui Important,","Samsung ,LG,Bosh","Condor ,Eniem,Brandt ","Samsung,Huawei,BEKO,Condor,LG,Brandt,Iris,Raylan,Starlight,Stream System,ENIEM","OUI je connais condor,",",TV,,,",",Non JeNesuisPas Condor ",",,,,",",",,,
[Etude Universitaire] - Impact de la communication Digitale sur la marque ,"Sous le thï¿½ï¿"" La communication Digitale et son impact sur la notoriï¿½ï¿½ï¿½ï¿½ï¿½ï¿½ï¿½"" , un(e) ï¿½ï¿½ï¿½ï¿½ï¿½ï¿½ï¿½ï¿½ï¿½ï¿½ï¿½ï¿½ï¿½ï¿½ï¿½ï¿½ï¿½ï¿½tudiant(e) de l'Ecole des Hautes Etudes Commerciale Kolea lance son sondage pour rï¿½ï¿½ï¿½ï¿½ï¿½ï¿½ï¿½ï¿½ï¿½ï¿½ï¿½ï¿½ï¿½ï¿½ï¿½ï¿½ï¿½ï¿½colter les avis de la communautï¿½ï¿½ï¿½ï¿½ï¿½ï¿½ï¿½ï¿½ï¿½ï¿½ï¿½ï¿½ï¿",False,O2A,QUESTIONNAIRE EN TENANT COMPTE DU CSP,French,sewog,"6/3/2021, 2:40:31 PM","6/3/2021, 7:30:22 PM","6/10/2021, 9:58:59 PM",Anonymized,Anonymized,Anonymized,Anonymized,"6/3/2021, 7:45:21 PM",993a353b-90e4-4150-9e7a-eaf145efb147,Anonymized,2003,WILAYA DE Bï¿½ï¿½ï,F,CELIBATAIRE,A_SON_COMPTE,FORMATION_PROF,4,,36.7496,7.695806,False,True,Chargï¿½ï¿½ï¿½ï¿½,C2,,,"OUIPresentSur RS,","UtilisePlus Facebook,UtilisePlus Instagram,,UtilisePlus Likendin,,,,",",Suivre Actualite ,Decouverte Cultures,Consultation Page marque,veille ï¿½ï¿½ï¿½ï¿½",",,Moyennement Suivi Marque ,,","Oui Important,","Samsung,apple ,condor","raylan,condor,iris","Samsung,Huawei,BEKO,Condor,LG,Brandt,Iris,Raylan,Starlight,,ENIEM","OUI je connais condor,",",,,Ami(e)s Famille Proche,",",Non JeNesuisPas Condor ",",,,,",",",,,la crï¿½ï¿½ï¿½ï¿½ï¿½ï¿½ï¿½ï¿½ï¿½ï¿½ï¿½ï¿½ï¿½ï¿½ï¿½ï¿½ï¿½ï¿½atio
[Etude Universitaire] - Impact de la communication Digitale sur la marque ,"Sous le thï¿½ï¿"" La communication Digitale et son impact sur la notoriï¿½ï¿½ï¿½ï¿½ï¿½ï¿½ï¿½"" , un(e) ï¿½ï¿½ï¿½ï¿½ï¿½ï¿½ï¿½ï¿½ï¿½ï¿½ï¿½ï¿½ï¿½ï¿½ï¿½ï¿½ï¿½ï¿½tudiant(e) de l'Ecole des Hautes Etudes Commerciale Kolea lance son sondage pour rï¿½ï¿½ï¿½ï¿½ï¿½ï¿½ï¿½ï¿½ï¿½ï¿½ï¿½ï¿½ï¿½ï¿½ï¿½ï¿½ï¿½ï¿½colter les avis de la communautï¿½ï¿½ï¿½ï¿½ï¿½ï¿½ï¿½ï¿½ï¿½ï¿½ï¿½ï¿½ï¿",False,O2A,QUESTIONNAIRE EN TENANT COMPTE DU CSP,French,xuvoo,"6/3/2021, 2:40:31 PM","6/3/2021, 7:30:22 PM","6/10/2021, 9:58:59 PM",Anonymized,Anonymized,Anonymized,Anonymized,"6/4/2021, 2:27:12 PM",530e6a5a-9c43-45cf-9a8d-698f02ffa196,Anonymized,1987,WILAYA DE TIZI OUZOU,H,MARIE,SALARIE,MASTER_INGENIEUR,2,,34.886242,-1.335005,False,True,Enseignant,C1,34.886215,-1.3350041,"OUIPresentSur RS,","UtilisePlus Facebook,UtilisePlus Instagram,,,,,,",",Suivre Actualite ,,Consultation Page marque,",",,,,Tres Souvent Suivi Marque ","Oui Important,","brandt,condord,Samsung","condord,lg,enie","Samsung,,,Condor,LG,Brandt,Iris,,Starlight,Stream System,","OUI je connais condor,",",TV,Reseaux Sociaux ,,","Oui je suis Condor,","Facebook,,,,","Oui J ai decouvert,",tï¿½ï¿½ï¿½ï¿,Moyenne,sponsorisï¿½ï¿½ï¿½ï
[Etude Universitaire] - Impact de la communication Digitale sur la marque ,"Sous le thï¿½ï¿"" La communication Digitale et son impact sur la notoriï¿½ï¿½ï¿½ï¿½ï¿½ï¿½ï¿½"" , un(e) ï¿½ï¿½ï¿½ï¿½ï¿½ï¿½ï¿½ï¿½ï¿½ï¿½ï¿½ï¿½ï¿½ï¿½ï¿½ï¿½ï¿½ï¿½tudiant(e) de l'Ecole des Hautes Etudes Commerciale Kolea lance son sondage pour rï¿½ï¿½ï¿½ï¿½ï¿½ï¿½ï¿½ï¿½ï¿½ï¿½ï¿½ï¿½ï¿½ï¿½ï¿½ï¿½ï¿½ï¿½colter les avis de la communautï¿½ï¿½ï¿½ï¿½ï¿½ï¿½ï¿½ï¿½ï¿½ï¿½ï¿½ï¿½ï¿",False,O2A,QUESTIONNAIRE EN TENANT COMPTE DU CSP,French,sejss,"6/3/2021, 2:40:31 PM","6/3/2021, 7:30:22 PM","6/10/2021, 9:58:59 PM",Anonymized,Anonymized,Anonymized,Anonymized,"6/3/2021, 8:54:18 PM",6a2daede-9314-4dd8-b1d2-a2844e158bab,Anonymized,2004,ALGER,F,CELIBATAIRE,SALARIE,MASTER_INGENIEUR,1,,36.759403,2.95123,False,True,SANS EMPLOIE,E,,,"OUIPresentSur RS,","UtilisePlus Facebook,UtilisePlus Instagram,,,UtilisePlus Youtube,,,",",Suivre Actualite ,Decouverte Cultures,Consultation Page marque,Pour des raisons professionnelles",",,,Souvent Suivi Marque ,","Oui Important,","LG,Samsung,Condor","Condor,Iris,Starlight","Samsung,Huawei,BEKO,Condor,LG,Brandt,Iris,,Starlight,,ENIEM","OUI je connais condor,",",TV,Reseaux Sociaux ,,",",Non JeNesuisPas Condor ",",,,,",",",,,
[Etude Universitaire] - Impact de la communication Digitale sur la marque ,"Sous le thï¿½ï¿"" La communication Digitale et son impact sur la notoriï¿½ï¿½ï¿½ï¿½ï¿½ï¿½ï¿½"" , un(e) ï¿½ï¿½ï¿½ï¿½ï¿½ï¿½ï¿½ï¿½ï¿½ï¿½ï¿½ï¿½ï¿½ï¿½ï¿½ï¿½ï¿½ï¿½tudiant(e) de l'Ecole des Hautes Etudes Commerciale Kolea lance son sondage pour rï¿½ï¿½ï¿½ï¿½ï¿½ï¿½ï¿½ï¿½ï¿½ï¿½ï¿½ï¿½ï¿½ï¿½ï¿½ï¿½ï¿½ï¿½colter les avis de la communautï¿½ï¿½ï¿½ï¿½ï¿½ï¿½ï¿½ï¿½ï¿½ï¿½ï¿½ï¿½ï¿",False,O2A,QUESTIONNAIRE EN TENANT COMPTE DU CSP,French,aeozp,"6/3/2021, 2:40:31 PM","6/3/2021, 7:30:22 PM","6/10/2021, 9:58:59 PM",Anonymized,Anonymized,Anonymized,Anonymized,"6/3/2021, 8:17:38 PM",8d982173-df25-4cdb-a01e-2a9bfd59d325,Anonymized,1995,ALGIERS PROVINCE,H,MARIE,SALARIE,DOCTEUR,2,,36.17832,5.506095,False,True,SANS EMPLOIE,E,36.17832,5.5060835,"OUIPresentSur RS,","UtilisePlus Facebook,UtilisePlus Instagram,,,UtilisePlus Youtube,,,","FaireConnaissance,Suivre Actualite ,,Consultation Page marque,",",,Moyennement Suivi Marque ,,","Oui Important,","condor,iris,Samsung ","condor,beko,brand","Samsung,Huawei,BEKO,Condor,LG,Brandt,Iris,,Starlight,Stream System,ENIEM","OUI je connais condor,",",TV,Reseaux Sociaux ,,",",Non JeNesuisPas Condor ",",,,,",",",,,
[Etude Universitaire] - Impact de la communication Digitale sur la marque ,"Sous le thï¿½ï¿"" La communication Digitale et son impact sur la notoriï¿½ï¿½ï¿½ï¿½ï¿½ï¿½ï¿½"" , un(e) ï¿½ï¿½ï¿½ï¿½ï¿½ï¿½ï¿½ï¿½ï¿½ï¿½ï¿½ï¿½ï¿½ï¿½ï¿½ï¿½ï¿½ï¿½tudiant(e) de l'Ecole des Hautes Etudes Commerciale Kolea lance son sondage pour rï¿½ï¿½ï¿½ï¿½ï¿½ï¿½ï¿½ï¿½ï¿½ï¿½ï¿½ï¿½ï¿½ï¿½ï¿½ï¿½ï¿½ï¿½colter les avis de la communautï¿½ï¿½ï¿½ï¿½ï¿½ï¿½ï¿½ï¿½ï¿½ï¿½ï¿½ï¿½ï¿",False,O2A,QUESTIONNAIRE EN TENANT COMPTE DU CSP,French,khgsi,"6/3/2021, 2:40:31 PM","6/3/2021, 7:30:22 PM","6/10/2021, 9:58:59 PM",Anonymized,Anonymized,Anonymized,Anonymized,"6/3/2021, 8:40:26 PM",77377265-770f-4438-8900-21f75aaaa2dc,Anonymized,1998,ALGIERS PROVINCE,F,CELIBATAIRE,ETUDIANT,LICENCE,4,,33.677975,1.0171014,False,True,SANS EMPLOIE,E,,,"OUIPresentSur RS,","UtilisePlus Facebook,UtilisePlus Instagram,,,UtilisePlus Youtube,,,","FaireConnaissance,Suivre Actualite ,Decouverte Cultures,Consultation Page marque,",",,,Souvent Suivi Marque ,","Oui Important,","Zara ,bershka,Christian louboutain","starlight ,ENIEM,Brandt ","Samsung,,,Condor,LG,,,,,,","OUI je connais condor,",",TV,Reseaux Sociaux ,Ami(e)s Famille Proche,",",Non JeNesuisPas Condor ",",,,,",",",,,ýýlargir la zone de distribution 
[Etude Universitaire] - Impact de la communication Digitale sur la marque ,"Sous le thï¿½ï¿"" La communication Digitale et son impact sur la notoriï¿½ï¿½ï¿½ï¿½ï¿½ï¿½ï¿½"" , un(e) ï¿½ï¿½ï¿½ï¿½ï¿½ï¿½ï¿½ï¿½ï¿½ï¿½ï¿½ï¿½ï¿½ï¿½ï¿½ï¿½ï¿½ï¿½tudiant(e) de l'Ecole des Hautes Etudes Commerciale Kolea lance son sondage pour rï¿½ï¿½ï¿½ï¿½ï¿½ï¿½ï¿½ï¿½ï¿½ï¿½ï¿½ï¿½ï¿½ï¿½ï¿½ï¿½ï¿½ï¿½colter les avis de la communautï¿½ï¿½ï¿½ï¿½ï¿½ï¿½ï¿½ï¿½ï¿½ï¿½ï¿½ï¿½ï¿",False,O2A,QUESTIONNAIRE EN TENANT COMPTE DU CSP,French,mrqxk,"6/3/2021, 2:40:31 PM","6/3/2021, 7:30:22 PM","6/10/2021, 9:58:59 PM",Anonymized,Anonymized,Anonymized,Anonymized,"6/7/2021, 11:05:13 AM",01c6a176-bc99-418f-90f0-37659b71fd98,Anonymized,2009,WILAYA D'ALGER,H,MARIE,A_SON_COMPTE,MASTER_INGENIEUR,3,,36.723648,3.33461,False,True,SANS EMPLOIE,E,36.723644,3.334614,"OUIPresentSur RS,","UtilisePlus Facebook,,,,,,,","FaireConnaissance,,,,",",,Moyennement Suivi Marque ,,","Oui Important,","condor,dell,Samsung ","condor,iris,brandt","Samsung,Huawei,,Condor,LG,Brandt,Iris,,,Stream System,ENIEM","OUI je connais condor,",",,,Ami(e)s Famille Proche,",",Non JeNesuisPas Condor ",",,,,",",",,,
[Etude Universitaire] - Impact de la communication Digitale sur la marque ,"Sous le thï¿½ï¿"" La communication Digitale et son impact sur la notoriï¿½ï¿½ï¿½ï¿½ï¿½ï¿½ï¿½"" , un(e) ï¿½ï¿½ï¿½ï¿½ï¿½ï¿½ï¿½ï¿½ï¿½ï¿½ï¿½ï¿½ï¿½ï¿½ï¿½ï¿½ï¿½ï¿½tudiant(e) de l'Ecole des Hautes Etudes Commerciale Kolea lance son sondage pour rï¿½ï¿½ï¿½ï¿½ï¿½ï¿½ï¿½ï¿½ï¿½ï¿½ï¿½ï¿½ï¿½ï¿½ï¿½ï¿½ï¿½ï¿½colter les avis de la communautï¿½ï¿½ï¿½ï¿½ï¿½ï¿½ï¿½ï¿½ï¿½ï¿½ï¿½ï¿½ï¿",False,O2A,QUESTIONNAIRE EN TENANT COMPTE DU CSP,French,sqwfl,"6/3/2021, 2:40:31 PM","6/3/2021, 7:30:22 PM","6/10/2021, 9:58:59 PM",Anonymized,Anonymized,Anonymized,Anonymized,"6/7/2021, 4:21:07 PM",736c6790-9a1a-477f-9e81-9a22ad212fca,Anonymized,1986,WILAYA D'ALGER,F,MARIE,SALARIE,LICENCE,1,,36.072605,4.739203,False,True,AUTRE A PRECISER,E,36.072605,4.739212,"OUIPresentSur RS,","UtilisePlus Facebook,UtilisePlus Instagram,,,,UtilisePlus Tiktok,,",",,,,travail",",Rarement Suivi Marque ,,,","Oui Important,","condor,Samsung,lg","condor,geant,iris","Samsung,,,Condor,LG,Brandt,Iris,,Starlight,,","OUI je connais condor,","Affichage,,Reseaux Sociaux ,,",",Non JeNesuisPas Condor ",",,,,",",",,,plus de vidï¿½ï¿½ï¿½ï¿½ï¿
[Etude Universitaire] - Impact de la communication Digitale sur la marque ,"Sous le thï¿½ï¿"" La communication Digitale et son impact sur la notoriï¿½ï¿½ï¿½ï¿½ï¿½ï¿½ï¿½"" , un(e) ï¿½ï¿½ï¿½ï¿½ï¿½ï¿½ï¿½ï¿½ï¿½ï¿½ï¿½ï¿½ï¿½ï¿½ï¿½ï¿½ï¿½ï¿½tudiant(e) de l'Ecole des Hautes Etudes Commerciale Kolea lance son sondage pour rï¿½ï¿½ï¿½ï¿½ï¿½ï¿½ï¿½ï¿½ï¿½ï¿½ï¿½ï¿½ï¿½ï¿½ï¿½ï¿½ï¿½ï¿½colter les avis de la communautï¿½ï¿½ï¿½ï¿½ï¿½ï¿½ï¿½ï¿½ï¿½ï¿½ï¿½ï¿½ï¿",False,O2A,QUESTIONNAIRE EN TENANT COMPTE DU CSP,French,hqwoc,"6/3/2021, 2:40:31 PM","6/3/2021, 7:30:22 PM","6/10/2021, 9:58:59 PM",Anonymized,Anonymized,Anonymized,Anonymized,"6/7/2021, 9:03:21 PM",d4e03ca5-0465-4b5d-a96b-e997b91d034d,Anonymized,1997,WILAYA D'ALGER,H,CELIBATAIRE,SALARIE,FORMATION_PROF,1,,36.737476,3.0873294,False,False,SANS EMPLOIE,E,36.73748,3.0872967,"OUIPresentSur RS,",",UtilisePlus Instagram,,,,,,","FaireConnaissance,,Decouverte Cultures,,",",,Moyennement Suivi Marque ,,","Oui Important,","lg,condor ,samsung","condor,eniem ,brandt","Samsung,Huawei,BEKO,Condor,LG,Brandt,Iris,,Starlight,Stream System,ENIEM","OUI je connais condor,",",,,Ami(e)s Famille Proche,",",Non JeNesuisPas Condor ",",,,,",",",,,crï¿½ï¿½ï¿½ï¿½ï¿½ï¿½ï¿½ï¿½ï¿½ï¿½ï¿½ï¿½ï¿½ï¿½ï¿½ï¿
[Etude Universitaire] - Impact de la communication Digitale sur la marque ,"Sous le thï¿½ï¿"" La communication Digitale et son impact sur la notoriï¿½ï¿½ï¿½ï¿½ï¿½ï¿½ï¿½"" , un(e) ï¿½ï¿½ï¿½ï¿½ï¿½ï¿½ï¿½ï¿½ï¿½ï¿½ï¿½ï¿½ï¿½ï¿½ï¿½ï¿½ï¿½ï¿½tudiant(e) de l'Ecole des Hautes Etudes Commerciale Kolea lance son sondage pour rï¿½ï¿½ï¿½ï¿½ï¿½ï¿½ï¿½ï¿½ï¿½ï¿½ï¿½ï¿½ï¿½ï¿½ï¿½ï¿½ï¿½ï¿½colter les avis de la communautï¿½ï¿½ï¿½ï¿½ï¿½ï¿½ï¿½ï¿½ï¿½ï¿½ï¿½ï¿½ï¿",False,O2A,QUESTIONNAIRE EN TENANT COMPTE DU CSP,French,ztfet,"6/3/2021, 2:40:31 PM","6/3/2021, 7:30:22 PM","6/10/2021, 9:58:59 PM",Anonymized,Anonymized,Anonymized,Anonymized,"6/8/2021, 3:24:08 PM",d713b440-c703-4d3b-b53c-8c3c460dedee,Anonymized,1999,TLEMCEN,F,MARIE,A_SON_COMPTE,LICENCE,1,,35.718647,4.537682,False,True,SANS EMPLOIE,E,35.718647,4.537682,"OUIPresentSur RS,","UtilisePlus Facebook,UtilisePlus Instagram,UtilisePlus Twitter,,,,,","FaireConnaissance,Suivre Actualite ,Decouverte Cultures,Consultation Page marque,",",,Moyennement Suivi Marque ,,","Oui Important,","ýýýýýýýý ýýýýýýýýýýýýýýýýýý,ýýýýýýýý ýýýýýýýý,ýýýýýýýýýý","ýýýýýýýýýýýý,ýýýýýýýýýý,cobra","Samsung,Huawei,BEKO,Condor,LG,Brandt,Iris,Raylan,Starlight,,","OUI je connais condor,",",TV,Reseaux Sociaux ,Ami(e)s Famille Proche,","Oui je suis Condor,","Facebook,,,,","Oui J ai decouvert,",ýýýýýýýý ýýýýýýýý,ýýýýýýýýýýýý ýýýýýýýýýýýý,ýýýýýýýýýý ýýýýýýýýýý ýý ýýýýýý ýýýýýýýýýýýýýý ýýýýýýýýýý ýýýýýý ýýýýýýýýýýýýýý ýýýýýýýýýýýýýý ýýýý ýýýýýý ýýýýýýýý ýýýýýýýýýýýý 
